app_dataGenerationInterval,constraintAreaMaxX,constraintAreaMaxY,mobility_noOfLocations,mobility_Hosts,mobility_speed,numNodes,app_dataSizeInBytes,forwarding_maximumCacheSize,peakdiskspaceusedbytes,peakramusedsimbytes,peakramusedresultsbytes,totaljobclocktimesec,mobility_nodeId,applicationLayer_KHeraldAppForDifferentiatedTraffic,applicationLayer_KMessengerApp,forwardingLayer_KKeetchiLayer,forwardingLayer_KOptimumDelayRoutingLayer,forwardingLayer_KProphetRoutingLayer,forwardingLayer_KRRSLayer,forwardingLayer_KSpraywaitRoutingLayer,linkLayer_KWirelessInterfaceWithContactTraces,mobilityType_SWIMMobility,mobilityType_ContactTraces
90,500,500,100,50,1.5,10,10000,100000000,1526351178,681267200,762765312,130.187741,0,0,0,1,0,0,0,0,0,1,0
9,1500,1500,200,500,15.0,50,10000,5000000,9734245669,2370682880,3817926656,839.684548,0,0,1,0,0,0,1,0,0,1,0
90,1500,1500,200,50,1.0,30,10000,5000000,4581708176,1648312320,1697021952,479.083264,0,0,1,0,0,0,0,1,0,1,0
9,1000,1000,100,50,1.0,50,10000,5000000,8117101701,2691747840,3809882112,927.776051,0,0,1,0,0,0,0,1,0,1,0
1,0,0,0,0,0.0,54,10000,100300000,8441559383,2285195264,3782946816,815.90436,0,1,0,0,0,0,0,0,1,0,1
1,500,500,100,50,1.5,25,1000000,999999,12306795208,1740283904,1745240064,937.526811,0,0,0,0,0,0,0,0,0,1,0
1,0,0,0,0,0.0,54,10000,100000000,8475222656,2291838976,3783290880,944.570334,0,1,0,0,0,0,0,0,1,0,1
90,0,0,0,0,0.0,62,100000,5000000,164149821,3066626048,97964032,25.040724,0,0,0,0,0,0,0,1,1,0,1
1,0,0,0,0,0.0,62,10000,100000000,310464452,3196407808,101543936,44.539156,0,1,0,0,0,0,0,0,1,0,1
1,0,0,0,0,0.0,54,10000,100000000,8471455762,2291838976,3783286784,985.008823,0,1,0,0,0,0,0,0,1,0,1
1,0,0,0,0,0.0,54,10000,100000000,8475222656,2291838976,3783290880,944.570334,0,1,0,0,0,0,0,0,1,0,1
9,1500,1500,200,1000,15.0,50,60400,801000000,11662665740,4420177920,3851526144,4195.53541,0,0,0,0,0,0,0,0,0,1,0
1,0,0,0,0,0.0,62,10000,100000000,310467176,3196387328,101552128,45.686954,0,1,0,0,0,0,0,0,1,0,1
90,1500,1500,50,30,1.5,30,100000,5000000,4589434574,1655648256,1698672640,412.501831,0,0,1,0,0,0,0,1,0,1,0
1,0,0,0,0,0.0,62,10000,100000000,310464452,3196407808,101543936,44.539156,0,1,0,0,0,0,0,0,1,0,1
900,1500,1500,200,500,1.5,70,10000,5000000,11716957558,4260003840,3845046272,1065.218062,0,0,0,0,0,0,0,0,0,1,0
90,1000,1000,400,100,35.0,70,10000,5000000,10806506421,3612299264,3807870976,1091.435756,0,0,1,0,0,0,0,1,0,1,0
1,0,0,0,0,0.0,49,10000,0,7637444838,2128134144,3780259840,1110.942983,0,1,0,0,1,0,0,0,1,0,1
1,0,0,0,0,0.0,62,10000,100000000,414596924,2906099712,102252544,52.251585,0,1,0,1,0,0,0,0,1,0,1
1,0,0,0,0,0.0,62,10000,0,400265306,2959122432,104939520,611.80912,0,1,0,0,1,0,0,0,1,0,1
1,0,0,0,0,0.0,49,10000,100000000,7880888361,2346938368,3782975488,1249.491802,0,1,0,0,0,0,0,0,1,0,1
9,500,500,172,91,1.5,43,10000,5000000,12811180069,2738286592,2613837824,1147.26855,0,0,0,0,0,0,0,0,0,1,0
1,0,0,0,0,0.0,54,10000,100000000,8475663516,2291838976,3783290880,972.39384,0,1,0,0,0,0,0,0,1,0,1
1,0,0,0,0,0.0,62,10000,100000000,310460097,3196407808,101543936,45.240489,0,1,0,0,0,0,0,0,1,0,1
1,0,0,0,0,0.0,62,10000,100000000,310464347,3196407808,101543936,44.473902,0,1,0,0,0,0,0,0,1,0,1
1,200,500,90,50,35.0,10,10000,5000000,5727260869,853843968,771403776,465.060374,0,0,0,0,0,0,0,0,0,1,0
1,0,0,0,0,0.0,54,10000,100000000,8475243337,2291838976,3783286784,972.169014,0,1,0,0,0,0,0,0,1,0,1
1,500,500,300,100,1.5,70,100000,1000000,11708434636,4723888128,3882467328,1247.057457,0,0,1,0,0,1,0,0,0,1,0
900,1500,1500,200,500,1.5,50,10000,5000000,8142837272,3093155840,3799887872,723.394159,0,0,0,0,0,0,0,0,0,1,0
9,1000,1000,150,100,1.5,50,10000,100000000,14216102678,3033116672,3906879488,1958.290829,0,0,0,0,0,0,1,0,0,1,0
1,0,0,0,0,0.0,49,10000,100000000,7880888361,2346938368,3782975488,1249.491802,0,1,0,0,0,0,0,0,1,0,1
9,1500,1500,200,500,15.0,50,10000,5000000,7698241622,2685235200,3793686528,686.623766,0,0,1,0,0,1,0,0,0,1,0
90,0,0,0,0,0.0,62,100000,5000000,190731040,3252150272,98664448,29.383113,0,0,0,0,0,0,0,0,1,0,1
1,0,0,0,0,0.0,62,10000,100000000,310464452,3196407808,101543936,44.539156,0,1,0,0,0,0,0,0,1,0,1
1,0,0,0,0,0.0,54,10000,100000000,8475662727,2291937280,3783286784,961.163361,0,1,0,0,0,0,0,0,1,0,1
9,1500,1500,100,70,1.5,70,10000,5000000,13044384641,2928783360,3875766272,1249.649378,0,0,0,0,0,1,0,0,0,1,0
90,0,0,0,0,0.0,62,1000000,5000000,157673614,1658544128,92524544,23.233085,0,0,1,0,0,0,0,0,1,0,1
9,1500,1500,200,500,15.0,50,10000,5000000,11024046633,2697474048,3831447552,987.04322,0,0,1,0,0,0,0,0,0,1,0
1,0,0,0,0,0.0,54,10000,0,8514044970,2410160128,3807649792,1290.500548,0,1,0,0,1,0,0,0,1,0,1
1,0,0,0,0,0.0,54,10000,100050000,8459264269,2286854144,3783151616,913.051273,0,1,0,0,0,0,0,0,1,0,1
10,500,500,75,50,1.5,50,1000000,0,9442437030,3719643136,3826802688,971.540521,0,0,0,0,0,0,0,0,0,1,0
90,700,600,300,75,25.0,62,10000,5000000,9863577515,2373251072,3803488256,918.937726,0,0,0,0,0,1,0,0,0,1,0
1,500,500,100,50,1.5,25,10000,100000000,15320183673,1787985920,1786695680,2715.901601,0,0,0,0,0,0,1,0,0,1,0
90,500,500,50,25,1.5,25,10000,500000,3956624239,1034174464,1693188096,332.112159,0,0,0,0,0,1,0,0,0,1,0
9,1500,1500,200,500,15.0,50,10000,5000000,7698241622,2685235200,3793686528,686.623766,0,0,1,0,0,1,0,0,0,1,0
1,0,0,0,0,0.0,54,10000,100300000,8441559383,2285195264,3782946816,815.90436,0,1,0,0,0,0,0,0,1,0,1
1,0,0,0,0,0.0,62,10000,0,400265306,2959122432,104939520,611.80912,0,1,0,0,1,0,0,0,1,0,1
900,1500,1500,200,500,1.5,60,10000,5000000,9856328685,3678121984,3824893952,886.860443,0,0,0,0,0,0,0,0,0,1,0
1,0,0,0,0,0.0,62,10000,100000000,310474424,3196346368,101552128,44.227564,0,1,0,0,0,0,0,0,1,0,1
9,1500,1500,200,500,15.0,50,10000,5000000,7910022080,2668503040,3793911808,972.011167,0,0,1,0,0,0,0,1,0,1,0
1,1500,1500,200,50,1.0,50,10000,5000000,9423543519,2856869888,3824013312,1024.775257,0,0,1,0,0,0,0,1,0,1,0
1,0,0,0,0,0.0,54,10000,0,8514044970,2410160128,3807649792,1290.500548,0,1,0,0,1,0,0,0,1,0,1
1,0,0,0,0,0.0,62,10000,100000000,452122011,2906562560,105046016,56.815197,0,1,0,1,0,0,0,0,1,0,1
1,0,0,0,0,0.0,62,10000,100000000,310464347,3198926848,101543936,44.256,0,1,0,0,0,0,0,0,1,0,1
1,0,0,0,0,0.0,62,10000,100000000,414596924,2906099712,102252544,52.251585,0,1,0,1,0,0,0,0,1,0,1
1,0,0,0,0,0.0,54,10000,100000000,8475662590,2291838976,3783290880,965.564103,0,1,0,0,0,0,0,0,1,0,1
1,0,0,0,0,0.0,62,10000,100000000,414596924,2906099712,102252544,52.251585,0,1,0,1,0,0,0,0,1,0,1
90,500,500,50,30,1.5,60,100000,0,9410202257,3155517440,3831390208,960.879889,0,0,1,0,0,0,0,1,0,1,0
90,500,500,50,25,1.5,25,10000,500000,3954967213,1033498624,1693188096,345.519227,0,0,0,0,0,1,0,0,0,1,0
1,0,0,0,0,0.0,62,10000,100000000,310464343,3198824448,101543936,44.151681,0,1,0,0,0,0,0,0,1,0,1
9,1500,1500,200,500,15.0,50,10000,5000000,7698266684,2684694528,3793686528,705.637117,0,0,1,0,0,1,0,0,0,1,0
1,0,0,0,0,0.0,54,10000,100050000,8459256010,2286817280,3783151616,906.225671,0,1,0,0,0,0,0,0,1,0,1
3,600,600,150,50,5.0,25,500000,100000000,6768907470,1817354240,1710190592,559.29116,0,0,0,0,0,0,1,0,0,1,0
90,0,0,0,0,0.0,62,1000000,5000000,157665516,1713946624,92270592,23.018261,0,0,1,0,0,0,0,1,1,0,1
1,0,0,0,0,0.0,54,10000,100000000,8475243261,2291826688,3783282688,952.834001,0,1,0,0,0,0,0,0,1,0,1
1,0,0,0,0,0.0,62,100000,5000000,419558524,1842978816,98566144,50.042153,0,0,0,0,0,1,0,0,1,0,1
90,500,500,50,25,1.5,25,10000,500000,3954967213,1033498624,1693188096,345.519227,0,0,0,0,0,1,0,0,0,1,0
1,500,500,150,50,5.5,25,10000,100000000,14597893895,1788116992,1753047040,2407.462641,0,0,0,0,0,0,1,0,0,1,0
1,0,0,0,0,0.0,54,10000,100000000,8475222656,2291838976,3783290880,944.570334,0,1,0,0,0,0,0,0,1,0,1
9,1500,1500,200,500,15.0,50,10000,5000000,9734245669,2370682880,3817926656,839.684548,0,0,1,0,0,0,1,0,0,1,0
1,0,0,0,0,0.0,62,10000,100000000,452122011,2906562560,105046016,56.815197,0,1,0,1,0,0,0,0,1,0,1
1,0,0,0,0,0.0,54,10000,100050000,8459256010,2286817280,3783151616,906.225671,0,1,0,0,0,0,0,0,1,0,1
1,500,500,150,50,5.5,25,10000,100000000,14597893895,1788116992,1753047040,2407.462641,0,0,0,0,0,0,1,0,0,1,0
1,0,0,0,0,0.0,62,10000,100000000,310474424,3196346368,101552128,44.227564,0,1,0,0,0,0,0,0,1,0,1
1,500,500,100,50,1.5,25,1000000,999999,12306795208,1740283904,1745240064,937.526811,0,0,0,0,0,0,0,0,0,1,0
1,0,0,0,0,0.0,54,10000,100000000,8475223322,2291818496,3783282688,976.537327,0,1,0,0,0,0,0,0,1,0,1
30,1000,1000,100,300,1.5,25,10000,1000000,4628297264,1254899712,1698938880,378.340144,0,0,1,0,0,0,1,0,0,1,0
90,500,500,100,50,1.5,25,10000,100000000,4017687133,1450741760,1699504128,353.126149,0,0,0,1,0,0,0,0,0,1,0
1,0,0,0,0,0.0,54,10000,100050000,8459256010,2286817280,3783151616,906.225671,0,1,0,0,0,0,0,0,1,0,1
1,0,0,0,0,0.0,54,10000,100000000,8475662590,2291838976,3783290880,965.564103,0,1,0,0,0,0,0,0,1,0,1
1,0,0,0,0,0.0,62,10000,100000000,310464343,3198824448,101543936,44.151681,0,1,0,0,0,0,0,0,1,0,1
1,0,0,0,0,0.0,62,10000,100000000,310464347,3196407808,101543936,44.473902,0,1,0,0,0,0,0,0,1,0,1
1,500,500,50,30,1.5,30,100000,5000000,5485955741,1763368960,1709486080,485.504061,0,0,1,0,0,0,0,1,0,1,0
1,0,0,0,0,0.0,54,10000,100050000,8459264269,2286854144,3783151616,913.051273,0,1,0,0,0,0,0,0,1,0,1
1,0,0,0,0,0.0,54,10000,100300000,8441559383,2285195264,3782946816,815.90436,0,1,0,0,0,0,0,0,1,0,1
9,1500,1500,200,250,15.0,50,10000,5000000,14587472615,3153543168,3885461504,1337.148797,0,0,0,0,0,0,0,0,0,1,0
1,0,0,0,0,0.0,62,10000,0,400265306,2959122432,104939520,611.80912,0,1,0,0,1,0,0,0,1,0,1
1,0,0,0,0,0.0,62,1000000,5000000,170293831,1758556160,93536256,24.361732,0,0,1,0,0,0,0,0,1,0,1
9,1500,1500,200,500,15.0,50,10000,5000000,9578410862,2760728576,3814137856,856.254339,0,0,0,1,0,0,0,0,0,1,0
9,1500,1500,200,1000,15.0,50,60400,801000000,11662665740,4420177920,3851526144,4195.53541,0,0,0,0,0,0,0,0,0,1,0
1,0,0,0,0,0.0,62,10000,100000000,310464347,3196407808,101543936,44.473902,0,1,0,0,0,0,0,0,1,0,1
9,500,500,150,50,1.5,50,10000,100000000,12450462318,2603696128,3894009856,3056.839374,0,0,1,0,0,0,1,0,0,1,0
9,1500,1500,200,1000,15.0,50,10000,5000000,10905752309,3139923968,3818303488,931.428147,0,0,0,0,0,0,0,0,0,1,0
1,0,0,0,0,0.0,62,10000,100000000,310481396,3196346368,101552128,43.828697,0,1,0,0,0,0,0,0,1,0,1
90,0,0,0,0,0.0,62,1000000,100000000,162524248,1272823808,92065792,22.636914,0,0,1,0,0,0,1,0,1,0,1
1,0,0,0,0,0.0,62,10000,100000000,452122011,2906562560,105046016,56.815197,0,1,0,1,0,0,0,0,1,0,1
1,0,0,0,0,0.0,54,10000,100000000,8475223322,2291818496,3783282688,976.537327,0,1,0,0,0,0,0,0,1,0,1
1,0,0,0,0,0.0,62,10000,100000000,310464343,3198824448,101543936,44.151681,0,1,0,0,0,0,0,0,1,0,1
9,1500,1500,150,100,1.5,50,10000,500000,9222538352,1925496832,3824570368,833.864431,0,0,0,0,0,1,0,0,0,1,0
1,0,0,0,0,0.0,54,10000,100000000,8471453714,2291933184,3783290880,971.942407,0,1,0,0,0,0,0,0,1,0,1
1,0,0,0,0,0.0,54,10000,100000000,8475662590,2291838976,3783290880,965.564103,0,1,0,0,0,0,0,0,1,0,1
1,0,0,0,0,0.0,62,100000,5000000,505313782,3155013632,104628224,58.125222,0,0,0,0,0,0,0,0,1,0,1
1,0,0,0,0,0.0,62,10000,100000000,310464543,3196407808,101543936,43.967757,0,1,0,0,0,0,0,0,1,0,1
1,500,500,300,100,1.5,70,100000,1000000,11708434636,4723888128,3882467328,1247.057457,0,0,1,0,0,1,0,0,0,1,0
1,0,0,0,0,0.0,62,1000000,10000000,195288698,1761943552,93163520,27.427298,0,0,1,1,0,0,0,0,1,0,1
9,1500,1500,200,500,15.0,50,10000,5000000,11024046633,2697474048,3831447552,987.04322,0,0,1,0,0,0,0,0,0,1,0
1,0,0,0,0,0.0,54,10000,100000000,8475222656,2291838976,3783290880,944.570334,0,1,0,0,0,0,0,0,1,0,1
900,1500,1500,200,500,1.5,70,10000,5000000,11716957558,4260003840,3845046272,1065.218062,0,0,0,0,0,0,0,0,0,1,0
1,0,0,0,0,0.0,54,10000,0,8514044970,2410160128,3807649792,1290.500548,0,1,0,0,1,0,0,0,1,0,1
1,0,0,0,0,0.0,62,10000,100000000,310464543,3196407808,101543936,43.967757,0,1,0,0,0,0,0,0,1,0,1
1,0,0,0,0,0.0,62,10000,100000000,310474295,3196346368,101552128,44.165026,0,1,0,0,0,0,0,0,1,0,1
90,1500,1500,50,30,1.5,30,100000,5000000,4589434574,1655648256,1698672640,412.501831,0,0,1,0,0,0,0,1,0,1,0
1,0,0,0,0,0.0,62,10000,100000000,310460097,3196407808,101543936,45.240489,0,1,0,0,0,0,0,0,1,0,1
90,500,500,100,50,1.5,25,10000,100000000,3812384018,1233383424,1693335552,348.409387,0,0,1,1,0,0,0,0,0,1,0
1,500,500,50,30,1.5,30,1000000,1000000,14865510325,2781900800,1767211008,1843.212852,0,0,0,0,0,0,0,1,0,1,0
1,700,700,100,40,1.5,20,500000,5000000,9824250906,1497645056,1165520896,754.272876,0,0,0,0,0,0,0,0,0,1,0
90,0,0,0,0,0.0,62,100000,100000000,177853810,2919796736,99094528,25.917228,0,0,0,0,0,0,1,0,1,0,1
90,1000,1000,500,200,1.5,70,100000,5000000,10721588201,3850821632,3812327424,958.211617,0,0,1,0,0,1,0,0,0,1,0
1,0,0,0,0,0.0,54,10000,100050000,8459270544,2286854144,3783151616,888.067032,0,1,0,0,0,0,0,0,1,0,1
1,0,0,0,0,0.0,54,10000,100000000,8475663516,2291838976,3783290880,972.39384,0,1,0,0,0,0,0,0,1,0,1
90,1000,1000,400,100,35.0,70,10000,5000000,10806506421,3612299264,3807870976,1091.435756,0,0,1,0,0,0,0,1,0,1,0
1,0,0,0,0,0.0,62,10000,100000000,296295397,2969718784,100687872,39.020864,0,1,0,0,0,0,1,0,1,0,1
9,1500,1500,100,70,1.5,70,100000,1000000,13087957363,2911076352,3894992896,1246.3023,0,0,0,0,0,1,0,0,0,1,0
90,500,500,300,100,15.0,30,100000,5000000,4798954385,1923354624,1696698368,404.277938,0,0,0,0,0,0,0,1,0,1,0
1,0,0,0,0,0.0,62,10000,100000000,310460097,3196407808,101543936,45.240489,0,1,0,0,0,0,0,0,1,0,1
1,0,0,0,0,0.0,54,10000,100000000,8475243337,2291838976,3783286784,972.169014,0,1,0,0,0,0,0,0,1,0,1
10,500,500,75,50,1.5,50,1000000,0,9442437030,3719643136,3826802688,971.540521,0,0,0,0,0,0,0,0,0,1,0
1,500,500,100,50,1.5,25,10000,5000000,14793551599,1850028032,1767804928,1201.150588,0,0,0,0,0,0,0,0,0,1,0
1,0,0,0,0,0.0,54,10000,100050000,8459256010,2286817280,3783151616,906.225671,0,1,0,0,0,0,0,0,1,0,1
90,500,500,50,30,10.0,30,100000,5000000,4611433382,1661952000,1699717120,411.479971,0,0,1,0,0,0,0,1,0,1,0
1,0,0,0,0,0.0,54,10000,100300000,8441559383,2285195264,3782946816,815.90436,0,1,0,0,0,0,0,0,1,0,1
9,1500,1500,200,500,15.0,50,10000,5000000,9578410862,2760728576,3814137856,856.254339,0,0,0,1,0,0,0,0,0,1,0
9,500,500,100,50,15.0,50,10000,5000000,17381101994,3158757376,3972313088,1533.367162,0,0,0,0,0,0,0,0,0,1,0
1,500,500,130,50,1.5,15,10000,100000000,8526975625,1145602048,1160388608,1517.798475,0,0,0,0,0,0,1,0,0,1,0
1,0,0,0,0,0.0,54,10000,100000000,8475662590,2291838976,3783290880,965.564103,0,1,0,0,0,0,0,0,1,0,1
1,500,500,120,40,10.0,10,10000,5000000,2364392558,691175424,763359232,207.862526,0,0,1,0,0,0,0,1,0,1,0
9,1500,1500,200,500,15.0,50,10000,5000000,7665990907,2339323904,3797061632,698.081612,0,0,1,1,0,0,0,0,0,1,0
90,500,500,150,60,1.5,30,100000,5000000,4587961892,1661206528,1700098048,403.096781,0,0,1,0,0,0,0,1,0,1,0
90,1700,1700,200,120,9.5,70,10000,5000000,12539122981,4253233152,3848507392,1104.060373,0,0,0,0,0,0,0,0,0,1,0
1,0,0,0,0,0.0,54,10000,100000000,8475663516,2291838976,3783290880,972.39384,0,1,0,0,0,0,0,0,1,0,1
1,0,0,0,0,0.0,54,10000,100000000,8471455762,2291838976,3783286784,985.008823,0,1,0,0,0,0,0,0,1,0,1
1,500,500,100,50,1.5,25,10000,100000000,6258266412,1472774144,1713258496,2036.540557,0,0,1,0,0,0,1,0,0,1,0
1,1500,1500,200,50,1.0,50,10000,5000000,9423543519,2856869888,3824013312,1024.775257,0,0,1,0,0,0,0,1,0,1,0
1,0,0,0,0,0.0,49,10000,0,7637444838,2128134144,3780259840,1110.942983,0,1,0,0,1,0,0,0,1,0,1
1,0,0,0,0,0.0,62,10000,100000000,310464343,3198824448,101543936,44.151681,0,1,0,0,0,0,0,0,1,0,1
1,0,0,0,0,0.0,62,10000,100000000,310464543,3196407808,101543936,43.967757,0,1,0,0,0,0,0,0,1,0,1
9,500,500,150,50,1.5,50,100000,1000000,10513100811,2922442752,3873853440,907.453231,0,0,0,1,0,0,0,0,0,1,0
1,0,0,0,0,0.0,54,10000,100000000,8346826353,2260934656,3783897088,670.687562,0,1,0,1,0,0,0,0,1,0,1
9,1500,1500,200,1000,15.0,50,10000,5000000,10905752309,3139923968,3818303488,931.428147,0,0,0,0,0,0,0,0,0,1,0
1,0,0,0,0,0.0,54,10000,100000000,8475663516,2291838976,3783290880,972.39384,0,1,0,0,0,0,0,0,1,0,1
9,1000,1000,150,100,1.5,50,10000,100000000,14216102678,3033116672,3906879488,1958.290829,0,0,0,0,0,0,1,0,0,1,0
1,0,0,0,0,0.0,54,10000,100000000,8475222656,2291838976,3783290880,944.570334,0,1,0,0,0,0,0,0,1,0,1
1,0,0,0,0,0.0,54,10000,100000000,8475662727,2291937280,3783286784,961.163361,0,1,0,0,0,0,0,0,1,0,1
1,0,0,0,0,0.0,62,10000,100000000,310460097,3196407808,101543936,45.240489,0,1,0,0,0,0,0,0,1,0,1
1,0,0,0,0,0.0,62,1000000,100000000,174850893,1448898560,92782592,23.982661,0,0,1,0,0,0,1,0,1,0,1
9,500,500,100,100,15.0,50,100000,5000000,10789258739,3139694592,3843702784,947.781976,0,0,0,0,0,0,0,0,0,1,0
9,1000,1000,100,50,1.0,50,10000,5000000,8117101701,2691747840,3809882112,927.776051,0,0,1,0,0,0,0,1,0,1,0
1,0,0,0,0,0.0,62,10000,100000000,310464543,3196407808,101543936,43.967757,0,1,0,0,0,0,0,0,1,0,1
90,500,500,50,30,1.5,60,100000,0,9410202257,3155517440,3831390208,960.879889,0,0,1,0,0,0,0,1,0,1,0
1,0,0,0,0,0.0,54,10000,100000000,8475222656,2291838976,3783290880,944.570334,0,1,0,0,0,0,0,0,1,0,1
90,500,500,50,30,1.5,30,100000,5000000,4606837644,1664061440,1700302848,416.286447,0,0,1,0,0,0,0,1,0,1,0
1,500,500,100,50,15.0,50,1000000,1000000,24905080275,3350736896,3954372608,1962.174022,0,0,0,0,0,0,0,0,0,1,0
1,0,0,0,0,0.0,54,10000,100000000,8475243337,2291838976,3783286784,972.169014,0,1,0,0,0,0,0,0,1,0,1
9,1500,1500,200,1000,15.0,50,40600,602000000,12520413783,4529381376,3861692416,4605.23553,0,0,0,0,0,0,0,0,0,1,0
1,0,0,0,0,0.0,54,10000,100050000,8459270544,2286854144,3783151616,888.067032,0,1,0,0,0,0,0,0,1,0,1
9,1500,1500,200,250,15.0,50,10000,5000000,14587472615,3153543168,3885461504,1337.148797,0,0,0,0,0,0,0,0,0,1,0
1,1000,0,100,25,1.5,25,1000000,1000000,10751293474,1188143104,1719017472,891.266158,0,0,0,0,0,1,0,0,0,1,0
90,500,500,50,30,1.5,30,100000,5000000,4837924952,1925844992,1700032512,413.03939,0,0,0,0,0,0,0,1,0,1,0
1,0,0,0,0,0.0,54,10000,100000000,8475222656,2291838976,3783290880,944.570334,0,1,0,0,0,0,0,0,1,0,1
1,0,0,0,0,0.0,54,10000,100050000,8459270544,2286854144,3783151616,888.067032,0,1,0,0,0,0,0,0,1,0,1
1,500,500,75,50,1.5,50,1000000,0,25071964336,8063668224,3907334144,5934.689841,0,0,0,0,0,0,0,0,0,1,0
1,0,0,0,0,0.0,54,10000,100300000,8441559383,2285195264,3782946816,815.90436,0,1,0,0,0,0,0,0,1,0,1
90,500,500,300,100,15.0,30,100000,5000000,4798954385,1923354624,1696698368,404.277938,0,0,0,0,0,0,0,1,0,1,0
1,0,0,0,0,0.0,62,10000,100000000,310464452,3196407808,101543936,44.539156,0,1,0,0,0,0,0,0,1,0,1
1,0,0,0,0,0.0,54,10000,100000000,8475249700,2291822592,3783282688,1009.393318,0,1,0,0,0,0,0,0,1,0,1
1,0,0,0,0,0.0,54,10000,100000000,8475143671,2291933184,3783286784,911.656508,0,1,0,0,0,0,0,0,1,0,1
9,1500,1500,200,1000,15.0,50,10000,5000000,10905752309,3139923968,3818303488,931.428147,0,0,0,0,0,0,0,0,0,1,0
9,1500,1500,100,70,1.5,70,100000,1000000,13087957363,2911076352,3894992896,1246.3023,0,0,0,0,0,1,0,0,0,1,0
1,500,500,100,50,1.5,25,10000,5000000,14794035918,1850028032,1767804928,1200.927608,0,0,0,0,0,0,0,0,0,1,0
1,500,500,100,50,1.5,25,10000,100000000,15320183673,1787985920,1786695680,2715.901601,0,0,0,0,0,0,1,0,0,1,0
30,1000,1000,100,300,1.5,25,10000,1000000,4628297264,1254899712,1698938880,378.340144,0,0,1,0,0,0,1,0,0,1,0
1,500,500,100,50,15.0,50,1000000,1000000,24905080275,3350736896,3954372608,1962.174022,0,0,0,0,0,0,0,0,0,1,0
1,500,500,150,50,5.5,25,1000000,1000000,12240656610,2031202304,1732976640,1384.806718,0,0,0,0,0,0,1,0,0,1,0
1,0,0,0,0,0.0,54,10000,100050000,8459264269,2286854144,3783151616,913.051273,0,1,0,0,0,0,0,0,1,0,1
1,0,0,0,0,0.0,62,10000,100000000,310471514,3196608512,101552128,43.747602,0,1,0,0,0,0,0,0,1,0,1
9,1500,1500,200,500,15.0,50,10000,5000000,7698266684,2684694528,3793686528,705.637117,0,0,1,0,0,1,0,0,0,1,0
1,0,0,0,0,0.0,54,10000,100000000,8475243337,2291838976,3783286784,972.169014,0,1,0,0,0,0,0,0,1,0,1
1,0,0,0,0,0.0,62,10000,100000000,310464347,3198926848,101543936,44.256,0,1,0,0,0,0,0,0,1,0,1
1,500,500,150,75,1.5,25,1000000,1000000,12317070404,1703636992,1746595840,950.433293,0,0,0,1,0,0,0,0,0,1,0
90,500,500,50,30,1.5,30,1000000,5000000,4594242084,1655103488,1699069952,405.743013,0,0,1,0,0,0,0,1,0,1,0
9,500,500,100,50,15.0,50,10000,5000000,17381101994,3158757376,3972313088,1533.367162,0,0,0,0,0,0,0,0,0,1,0
90,1700,1700,200,120,9.5,70,10000,5000000,12539122981,4253233152,3848507392,1104.060373,0,0,0,0,0,0,0,0,0,1,0
90,1000,1000,500,200,1.5,70,100000,5000000,10721588201,3850821632,3812327424,958.211617,0,0,1,0,0,1,0,0,0,1,0
1,0,0,0,0,0.0,62,10000,100000000,310464347,3196407808,101543936,44.473902,0,1,0,0,0,0,0,0,1,0,1
9,500,500,150,50,1.5,50,100000,1000000,10513100811,2922442752,3873853440,907.453231,0,0,0,1,0,0,0,0,0,1,0
1,0,0,0,0,0.0,54,10000,100050000,8459256010,2286817280,3783151616,906.225671,0,1,0,0,0,0,0,0,1,0,1
9,500,500,100,50,15.0,50,10000,5000000,21805858845,2704019456,3961069568,2070.04358,0,0,1,0,0,0,0,0,0,1,0
1,0,0,0,0,0.0,62,10000,100000000,310464543,3196407808,101543936,43.967757,0,1,0,0,0,0,0,0,1,0,1
9,1500,1500,200,500,15.0,50,10000,5000000,9734229107,2370682880,3817926656,856.661702,0,0,1,0,0,0,1,0,0,1,0
1,0,0,0,0,0.0,54,10000,100000000,8475662590,2291838976,3783290880,965.564103,0,1,0,0,0,0,0,0,1,0,1
1,0,0,0,0,0.0,54,10000,100000000,8475249700,2291822592,3783282688,1009.393318,0,1,0,0,0,0,0,0,1,0,1
1,0,0,0,0,0.0,62,10000,100000000,310464543,3196407808,101543936,43.967757,0,1,0,0,0,0,0,0,1,0,1
9,500,500,172,91,1.5,43,10000,5000000,12811180069,2738286592,2613837824,1147.26855,0,0,0,0,0,0,0,0,0,1,0
1,0,0,0,0,0.0,62,10000,100000000,310467176,3196387328,101552128,45.686954,0,1,0,0,0,0,0,0,1,0,1
50,888,888,65,300,5.5,33,10000,100000000,8229941653,1941000192,2577289216,749.953788,0,0,0,0,0,0,1,0,0,1,0
1,500,500,50,30,1.5,30,100000,5000000,5485955741,1763368960,1709486080,485.504061,0,0,1,0,0,0,0,1,0,1,0
1,1000,0,100,25,1.5,25,1000000,1000000,10751293474,1188143104,1719017472,891.266158,0,0,0,0,0,1,0,0,0,1,0
1,0,0,0,0,0.0,62,10000,100000000,310474313,3196387328,101552128,44.319678,0,1,0,0,0,0,0,0,1,0,1
1,0,0,0,0,0.0,62,1000000,5000000,171397652,1777512448,92942336,25.100489,0,0,1,0,0,0,0,1,1,0,1
1,0,0,0,0,0.0,54,10000,100000000,8475662590,2291838976,3783290880,965.564103,0,1,0,0,0,0,0,0,1,0,1
1,1000,0,100,25,1.5,25,10000,5000000,10574082395,1194307584,1719234560,898.426386,0,0,0,0,0,1,0,0,0,1,0
1,1000,1000,150,100,1.5,50,100000,1000000,26923008597,3304148992,4040151040,2134.921061,0,0,0,0,0,0,1,0,0,1,0
9,500,500,150,50,1.5,50,10000,100000000,12450462318,2603696128,3894009856,3056.839374,0,0,1,0,0,0,1,0,0,1,0
1,0,0,0,0,0.0,49,10000,0,7637444838,2128134144,3780259840,1110.942983,0,1,0,0,1,0,0,0,1,0,1
90,500,500,50,30,1.5,30,100000,5000000,5264011204,1665544192,1707692032,456.557033,0,0,1,0,0,0,0,0,0,1,0
1,500,500,75,50,1.5,50,1000000,0,25071964336,8063668224,3907334144,5934.689841,0,0,0,0,0,0,0,0,0,1,0
1,0,0,0,0,0.0,62,10000,100000000,310474313,3196387328,101552128,44.319678,0,1,0,0,0,0,0,0,1,0,1
1,900,500,100,50,6.0,11,10000,5000000,3060683703,765755392,766599168,273.42257,0,0,1,0,0,0,0,0,0,1,0
1,0,0,0,0,0.0,62,100000,10000000,585104521,3049922560,106545152,66.87772,0,0,0,1,0,0,0,0,1,0,1
90,0,0,0,0,0.0,62,100000,10000000,238084055,2977136640,98906112,32.632349,0,0,0,1,0,0,0,0,1,0,1
90,0,0,0,0,0.0,62,1000000,5000000,155991298,1494781952,92143616,22.990802,0,0,1,0,0,1,0,0,1,0,1
9,1500,1500,150,100,1.5,50,10000,500000,9222538352,1925496832,3824570368,833.864431,0,0,0,0,0,1,0,0,0,1,0
1,0,0,0,0,0.0,62,10000,100000000,310471514,3196608512,101552128,43.747602,0,1,0,0,0,0,0,0,1,0,1
1,0,0,0,0,0.0,54,10000,100000000,8346826353,2260934656,3783897088,670.687562,0,1,0,1,0,0,0,0,1,0,1
1,0,0,0,0,0.0,49,10000,0,7637444838,2128134144,3780259840,1110.942983,0,1,0,0,1,0,0,0,1,0,1
9,1500,1500,200,1000,15.0,50,60400,204000000,11634223897,3999662080,3854192640,2592.58841,0,0,0,0,0,0,0,0,0,1,0
1,0,0,0,0,0.0,54,10000,100000000,8475143671,2291933184,3783286784,911.656508,0,1,0,0,0,0,0,0,1,0,1
1,0,0,0,0,0.0,54,10000,100000000,8471455762,2291838976,3783286784,985.008823,0,1,0,0,0,0,0,0,1,0,1
9,1500,1500,200,500,15.0,50,10000,5000000,9734229107,2370682880,3817926656,856.661702,0,0,1,0,0,0,1,0,0,1,0
90,500,500,50,30,1.5,30,1000000,5000000,4594242084,1655103488,1699069952,405.743013,0,0,1,0,0,0,0,1,0,1,0
1,0,0,0,0,0.0,54,10000,100000000,8475663516,2291838976,3783290880,972.39384,0,1,0,0,0,0,0,0,1,0,1
90,700,600,300,75,25.0,62,10000,5000000,9863577515,2373251072,3803488256,918.937726,0,0,0,0,0,1,0,0,0,1,0
3,600,600,150,50,5.0,25,500000,100000000,6768907470,1817354240,1710190592,559.29116,0,0,0,0,0,0,1,0,0,1,0
1,0,0,0,0,0.0,62,100000,100000000,496435082,2915299328,103837696,55.001287,0,0,0,0,0,0,1,0,1,0,1
1,0,0,0,0,0.0,62,1000000,5000000,174074684,2349264896,97124352,26.975152,0,0,1,0,0,1,0,0,1,0,1
9,500,500,150,50,1.5,50,1000000,100000000,8225903462,3627769856,3785101312,712.887465,0,0,1,0,0,0,1,0,0,1,0
90,500,500,100,50,1.5,25,10000,100000000,3812407907,1233387520,1693335552,344.367692,0,0,1,1,0,0,0,0,0,1,0
1,0,0,0,0,0.0,62,10000,100000000,296295397,2969718784,100687872,39.020864,0,1,0,0,0,0,1,0,1,0,1
1,500,500,150,75,1.5,25,1000000,1000000,12317070404,1703636992,1746595840,950.433293,0,0,0,1,0,0,0,0,0,1,0
1,0,0,0,0,0.0,62,10000,100000000,310464452,3196407808,101543936,44.539156,0,1,0,0,0,0,0,0,1,0,1
1,0,0,0,0,0.0,54,10000,100050000,8459270544,2286854144,3783151616,888.067032,0,1,0,0,0,0,0,0,1,0,1
1,0,0,0,0,0.0,62,10000,100000000,310464343,3198824448,101543936,44.151681,0,1,0,0,0,0,0,0,1,0,1
1,0,0,0,0,0.0,49,10000,0,7637444838,2128134144,3780259840,1110.942983,0,1,0,0,1,0,0,0,1,0,1
1,0,0,0,0,0.0,54,10000,100050000,8459264282,2286854144,3783151616,904.972461,0,1,0,0,0,0,0,0,1,0,1
9,500,500,100,100,15.0,50,100000,5000000,10789258739,3139694592,3843702784,947.781976,0,0,0,0,0,0,0,0,0,1,0
90,500,500,100,50,1.5,25,10000,100000000,3812407907,1233387520,1693335552,344.367692,0,0,1,1,0,0,0,0,0,1,0
1,0,0,0,0,0.0,62,10000,100000000,296295397,2969718784,100687872,39.020864,0,1,0,0,0,0,1,0,1,0,1
1,0,0,0,0,0.0,62,10000,100000000,310460097,3196407808,101543936,45.240489,0,1,0,0,0,0,0,0,1,0,1
1,0,0,0,0,0.0,49,10000,100000000,7880888361,2346938368,3782975488,1249.491802,0,1,0,0,0,0,0,0,1,0,1
1,0,0,0,0,0.0,62,10000,100000000,310469913,3196346368,101552128,44.554652,0,1,0,0,0,0,0,0,1,0,1
9,1500,1500,200,1000,15.0,430,80200,801000000,113247869508,104445530112,33005178880,138686.803866,0,0,0,0,0,0,0,0,0,1,0
9,1500,1500,200,1000,15.0,430,80200,204000000,112093638975,68719665152,32938033152,78209.55937,0,0,0,0,0,0,0,0,0,1,0
1,0,0,0,0,0.0,3600,10000,100000000,219293035922,65202200576,104601632768,125719.890218,1,1,0,0,0,0,0,1,0,0,0
9,1500,1500,200,240,15.0,240,40600,1000000000,75134103304,58286542848,15174352896,194485.39329,0,0,0,0,0,0,0,0,0,1,0
1,0,0,0,0,0.0,500,10000,100000000,168794780540,135760793600,36861136896,328860.676989,1,1,0,0,0,0,0,0,0,0,0
900,1500,1500,200,500,1.5,250,10000,5000000,47729132955,14766960640,20112924672,5672.202629,0,0,0,0,0,0,0,0,0,1,0
900,1500,1500,200,500,1.5,240,10000,5000000,45777827823,14182924288,13815820288,5378.920569,0,0,0,0,0,0,0,0,0,1,0
900,1500,1500,200,500,1.5,230,10000,5000000,43445342676,13599035392,13715103744,4924.789454,0,0,0,0,0,0,0,0,0,1,0
900,1500,1500,200,500,1.5,220,10000,5000000,41509442665,13015060480,13632757760,4670.185767,0,0,0,0,0,0,0,0,0,1,0
900,1500,1500,200,500,1.5,210,10000,5000000,39582860948,12431126528,13519114240,4323.555117,0,0,0,0,0,0,0,0,0,1,0
900,1500,1500,200,500,1.5,200,10000,5000000,37395029814,11847831552,13481201664,4046.163823,0,0,0,0,0,0,0,0,0,1,0
900,1500,1500,200,500,1.5,190,10000,5000000,35500747030,11263455232,13389045760,3729.828492,0,0,0,0,0,0,0,0,0,1,0
900,1500,1500,200,500,1.5,180,10000,5000000,33519043956,10679844864,13303328768,3483.711947,0,0,0,0,0,0,0,0,0,1,0
900,1500,1500,200,500,1.5,170,10000,5000000,31511331165,10096140288,13211164672,3350.099338,0,0,0,0,0,0,0,0,0,1,0
900,1500,1500,200,500,1.5,160,10000,5000000,28980832847,9512624128,8953126912,2966.176206,0,0,0,0,0,0,0,0,0,1,0
900,1500,1500,200,500,1.5,150,10000,5000000,27124604249,8929161216,8890773504,2708.455663,0,0,0,0,0,0,0,0,0,1,0
900,1500,1500,200,500,1.5,140,10000,5000000,25051294667,8345538560,8806522880,2466.083152,0,0,0,0,0,0,0,0,0,1,0
900,1500,1500,200,500,1.5,130,10000,5000000,23090569151,7762067456,8728539136,2288.26291,0,0,0,0,0,0,0,0,0,1,0
900,1500,1500,200,500,1.5,120,10000,5000000,21104015036,7178735616,8710225920,2020.039341,0,0,0,0,0,0,0,0,0,1,0
900,1500,1500,200,500,1.5,110,10000,5000000,19138916630,6595436544,8640212992,1830.76543,0,0,0,0,0,0,0,0,0,1,0
900,1500,1500,200,500,1.5,100,10000,5000000,17322742961,6012346368,5838094336,1624.969676,0,0,0,0,0,0,0,0,0,1,0
900,1500,1500,200,500,1.5,90,10000,5000000,15393972173,5429096448,5771689984,1452.211324,0,0,0,0,0,0,0,0,0,1,0
900,1500,1500,200,500,1.5,80,10000,5000000,13587802598,4846149632,5762838528,1221.102267,0,0,0,0,0,0,0,0,0,1,0
90,1500,1500,200,500,15.0,150,10000,5000000,23661776900,7595069440,8632213504,2553.616631,0,0,1,0,0,0,0,1,0,1,0
90,1500,1500,200,500,15.0,150,10000,5000000,23661758530,7595069440,8632213504,2550.463423,0,0,1,0,0,0,0,1,0,1,0
90,1500,1500,200,500,15.0,150,10000,5000000,23662216827,7595069440,8632213504,2542.578511,0,0,1,0,0,0,0,1,0,1,0
90,1500,1500,200,500,15.0,150,10000,5000000,37946511265,6703370240,8935759872,3470.122404,0,0,1,0,0,0,1,0,0,1,0
90,1500,1500,200,500,15.0,150,10000,5000000,23560098939,8764473344,8622579712,2967.238844,0,0,1,0,0,1,0,0,0,1,0
90,1500,1500,200,500,15.0,150,10000,0,24160711272,6082412544,8547401728,13482.332133,0,0,1,0,1,0,0,0,0,1,0
90,1500,1500,200,500,15.0,150,10000,5000000,23744574044,6675591168,8638361600,2377.063271,0,0,1,1,0,0,0,0,0,1,0
90,1500,1500,200,500,15.0,150,10000,5000000,23744084532,6675591168,8638361600,2414.269706,0,0,1,1,0,0,0,0,0,1,0
90,1500,1500,200,500,15.0,150,10000,5000000,35737176640,7668854784,8916676608,3719.689272,0,0,1,0,0,0,0,0,0,1,0
90,1500,1500,200,500,15.0,150,10000,5000000,43760777828,7976415232,9577955328,4269.803884,0,0,0,0,0,0,1,0,0,1,0
90,1500,1500,200,500,15.0,150,10000,0,26991185276,7306133504,8878628864,12190.921894,0,0,0,0,1,0,0,0,0,1,0
90,1500,1500,200,500,15.0,150,10000,5000000,25191932028,7963373568,8933376000,2639.863277,0,0,0,1,0,0,0,0,0,1,0
90,1500,1500,200,250,15.0,150,10000,5000000,41002251243,8947331072,9437040640,4203.869077,0,0,0,0,0,0,0,0,0,1,0
900,1500,1500,200,500,15.0,450,10000,5000000,72922317020,17475780608,30397448192,16178.209178,0,0,1,0,0,0,0,1,0,1,0
900,1500,1500,200,500,15.0,450,10000,5000000,139300703660,17340203008,34883973120,20704.859663,0,0,1,0,0,0,1,0,0,1,0
900,1500,1500,200,500,15.0,450,10000,5000000,71542837088,27954208768,30181896192,25724.213755,0,0,1,0,0,1,0,0,0,1,0
900,1500,1500,200,500,15.0,450,10000,0,69527858799,13708808192,28981157888,11465.97735,0,0,1,0,1,0,0,0,0,1,0
900,1500,1500,200,500,15.0,450,10000,5000000,75204927779,16999325696,30247436288,12662.875316,0,0,1,1,0,0,0,0,0,1,0
900,1500,1500,200,500,15.0,450,10000,5000000,75205254025,16999325696,30247436288,13495.324177,0,0,1,1,0,0,0,0,0,1,0
900,1500,1500,200,500,15.0,450,10000,5000000,85806249269,20273926144,31569518592,21124.895567,0,0,1,0,0,0,0,0,0,1,0
900,1500,1500,200,500,15.0,450,10000,5000000,85806071090,20273926144,31569518592,20192.181385,0,0,1,0,0,0,0,0,0,1,0
900,1500,1500,200,500,15.0,450,10000,5000000,162288184776,23576293376,38728937472,24919.843623,0,0,0,0,0,0,1,0,0,1,0
900,1500,1500,200,500,15.0,450,10000,0,73061262307,20307664896,29548781568,12741.010391,0,0,0,0,1,0,0,0,0,1,0
900,1500,1500,200,500,15.0,450,10000,5000000,79509164950,23045611520,31484399616,13984.669223,0,0,0,1,0,0,0,0,0,1,0
900,1500,1500,200,250,15.0,450,10000,5000000,92210361004,26462457856,32268201984,20413.486709,0,0,0,0,0,0,0,0,0,1,0
900,1500,1500,200,500,15.0,250,10000,5000000,39404622950,11054833664,19604492288,4954.985408,0,0,1,0,0,0,0,1,0,1,0
900,1500,1500,200,500,15.0,250,10000,5000000,68386485869,10777178112,20850286592,7517.260396,0,0,1,0,0,0,1,0,0,1,0
900,1500,1500,200,500,15.0,250,10000,5000000,39186753113,13513052160,19608211456,7528.139056,0,0,1,0,0,1,0,0,0,1,0
900,1500,1500,200,500,15.0,250,10000,0,38473203158,8702947328,19075395584,4144.780437,0,0,1,0,1,0,0,0,0,1,0
900,1500,1500,200,500,15.0,250,10000,5000000,40132922403,10587729920,19616985088,4568.051622,0,0,1,1,0,0,0,0,0,1,0
900,1500,1500,200,500,15.0,250,10000,5000000,44329789427,12395061248,19722354688,6195.877394,0,0,1,0,0,0,0,0,0,1,0
900,1500,1500,200,500,15.0,250,10000,0,40427123221,11344461824,19522916352,4428.365663,0,0,0,0,1,0,0,0,0,1,0
900,1500,1500,200,500,15.0,250,10000,5000000,42216861815,12868595712,19858120704,4733.27268,0,0,0,1,0,0,0,0,0,1,0
900,1500,1500,200,250,15.0,250,10000,5000000,47361380183,14767308800,20073644032,6938.454002,0,0,0,0,0,0,0,0,0,1,0
900,1500,1500,200,500,1.5,250,10000,5000000,77389527506,13166211072,21303238656,8658.3914,0,0,0,0,0,0,1,0,0,1,0
1,500,500,75,100,1.5,100,1000000,0,50899469031,15791529984,6237581312,9337.900622,0,0,0,0,0,0,0,0,0,1,0
10,500,500,75,100,1.5,100,1000000,0,19278897117,7811235840,5900709888,2166.065476,0,0,0,0,0,0,0,0,0,1,0
1,0,0,0,0,0.0,98,10000,100000000,8293405446,5491380224,2628792320,4266.784844,0,1,0,0,0,0,0,0,1,0,1
1,0,0,0,0,0.0,98,10000,100000000,8293579464,5491380224,2628792320,4175.633496,0,1,0,0,0,0,0,0,1,0,1
1,0,0,0,0,0.0,98,10000,100000000,8293405446,5491380224,2628792320,4266.784844,0,1,0,0,0,0,0,0,1,0,1
1,0,0,0,0,0.0,98,10000,100000000,8293579464,5491380224,2628792320,4175.633496,0,1,0,0,0,0,0,0,1,0,1
9,1500,1500,200,1000,15.0,620,40600,5000000,294335171667,37078020096,75945639936,62546.331393,0,0,0,0,0,0,0,0,0,1,0
9,1500,1500,200,1000,15.0,620,100000,5000000,205944797493,37000011776,62535061504,47860.007246,0,0,0,0,0,0,0,0,0,1,0
9,1500,1500,200,1000,15.0,240,60400,403000000,65236079904,40087609344,14175715328,69390.257293,0,0,0,0,0,0,0,0,0,1,0
9,1500,1500,200,1000,15.0,240,60400,1000000000,65136455981,44244439040,14184497152,52481.077313,0,0,0,0,0,0,0,0,0,1,0
9,1500,1500,200,1000,15.0,810,60400,1000000000,241397037809,353523007488,61834383360,429888.271504,0,0,0,0,0,0,0,0,0,1,0
9,1500,1500,200,1000,15.0,430,80200,801000000,113247869508,104445530112,33005178880,138686.803866,0,0,0,0,0,0,0,0,0,1,0
9,1500,1500,200,1000,15.0,430,80200,204000000,112093638975,68719665152,32938033152,78209.55937,0,0,0,0,0,0,0,0,0,1,0
1,0,0,0,0,0.0,3600,10000,100000000,219293035922,65202200576,104601632768,125719.890218,1,1,0,0,0,0,0,1,0,0,0
9,1500,1500,200,240,15.0,240,40600,1000000000,75134103304,58286542848,15174352896,194485.39329,0,0,0,0,0,0,0,0,0,1,0
1,0,0,0,0,0.0,500,10000,100000000,168794780540,135760793600,36861136896,328860.676989,1,1,0,0,0,0,0,0,0,0,0
900,1500,1500,200,500,1.5,250,10000,5000000,47729132955,14766960640,20112924672,5672.202629,0,0,0,0,0,0,0,0,0,1,0
900,1500,1500,200,500,1.5,240,10000,5000000,45777827823,14182924288,13815820288,5378.920569,0,0,0,0,0,0,0,0,0,1,0
900,1500,1500,200,500,1.5,230,10000,5000000,43445342676,13599035392,13715103744,4924.789454,0,0,0,0,0,0,0,0,0,1,0
900,1500,1500,200,500,1.5,220,10000,5000000,41509442665,13015060480,13632757760,4670.185767,0,0,0,0,0,0,0,0,0,1,0
900,1500,1500,200,500,1.5,210,10000,5000000,39582860948,12431126528,13519114240,4323.555117,0,0,0,0,0,0,0,0,0,1,0
900,1500,1500,200,500,1.5,200,10000,5000000,37395029814,11847831552,13481201664,4046.163823,0,0,0,0,0,0,0,0,0,1,0
900,1500,1500,200,500,1.5,190,10000,5000000,35500747030,11263455232,13389045760,3729.828492,0,0,0,0,0,0,0,0,0,1,0
900,1500,1500,200,500,1.5,180,10000,5000000,33519043956,10679844864,13303328768,3483.711947,0,0,0,0,0,0,0,0,0,1,0
900,1500,1500,200,500,1.5,170,10000,5000000,31511331165,10096140288,13211164672,3350.099338,0,0,0,0,0,0,0,0,0,1,0
900,1500,1500,200,500,1.5,160,10000,5000000,28980832847,9512624128,8953126912,2966.176206,0,0,0,0,0,0,0,0,0,1,0
900,1500,1500,200,500,1.5,150,10000,5000000,27124604249,8929161216,8890773504,2708.455663,0,0,0,0,0,0,0,0,0,1,0
900,1500,1500,200,500,1.5,140,10000,5000000,25051294667,8345538560,8806522880,2466.083152,0,0,0,0,0,0,0,0,0,1,0
900,1500,1500,200,500,1.5,130,10000,5000000,23090569151,7762067456,8728539136,2288.26291,0,0,0,0,0,0,0,0,0,1,0
900,1500,1500,200,500,1.5,120,10000,5000000,21104015036,7178735616,8710225920,2020.039341,0,0,0,0,0,0,0,0,0,1,0
900,1500,1500,200,500,1.5,110,10000,5000000,19138916630,6595436544,8640212992,1830.76543,0,0,0,0,0,0,0,0,0,1,0
900,1500,1500,200,500,1.5,100,10000,5000000,17322742961,6012346368,5838094336,1624.969676,0,0,0,0,0,0,0,0,0,1,0
900,1500,1500,200,500,1.5,90,10000,5000000,15393972173,5429096448,5771689984,1452.211324,0,0,0,0,0,0,0,0,0,1,0
900,1500,1500,200,500,1.5,80,10000,5000000,13587802598,4846149632,5762838528,1221.102267,0,0,0,0,0,0,0,0,0,1,0
90,1500,1500,200,500,15.0,150,10000,5000000,23661776900,7595069440,8632213504,2553.616631,0,0,1,0,0,0,0,1,0,1,0
90,1500,1500,200,500,15.0,150,10000,5000000,23661758530,7595069440,8632213504,2550.463423,0,0,1,0,0,0,0,1,0,1,0
90,1500,1500,200,500,15.0,150,10000,5000000,23662216827,7595069440,8632213504,2542.578511,0,0,1,0,0,0,0,1,0,1,0
90,1500,1500,200,500,15.0,150,10000,5000000,37946511265,6703370240,8935759872,3470.122404,0,0,1,0,0,0,1,0,0,1,0
90,1500,1500,200,500,15.0,150,10000,5000000,23560098939,8764473344,8622579712,2967.238844,0,0,1,0,0,1,0,0,0,1,0
90,1500,1500,200,500,15.0,150,10000,0,24160711272,6082412544,8547401728,13482.332133,0,0,1,0,1,0,0,0,0,1,0
90,1500,1500,200,500,15.0,150,10000,5000000,23744574044,6675591168,8638361600,2377.063271,0,0,1,1,0,0,0,0,0,1,0
90,1500,1500,200,500,15.0,150,10000,5000000,23744084532,6675591168,8638361600,2414.269706,0,0,1,1,0,0,0,0,0,1,0
90,1500,1500,200,500,15.0,150,10000,5000000,35737176640,7668854784,8916676608,3719.689272,0,0,1,0,0,0,0,0,0,1,0
90,1500,1500,200,500,15.0,150,10000,5000000,43760777828,7976415232,9577955328,4269.803884,0,0,0,0,0,0,1,0,0,1,0
90,1500,1500,200,500,15.0,150,10000,0,26991185276,7306133504,8878628864,12190.921894,0,0,0,0,1,0,0,0,0,1,0
90,1500,1500,200,500,15.0,150,10000,5000000,25191932028,7963373568,8933376000,2639.863277,0,0,0,1,0,0,0,0,0,1,0
90,1500,1500,200,250,15.0,150,10000,5000000,41002251243,8947331072,9437040640,4203.869077,0,0,0,0,0,0,0,0,0,1,0
900,1500,1500,200,500,15.0,450,10000,5000000,72922317020,17475780608,30397448192,16178.209178,0,0,1,0,0,0,0,1,0,1,0
900,1500,1500,200,500,15.0,450,10000,5000000,139300703660,17340203008,34883973120,20704.859663,0,0,1,0,0,0,1,0,0,1,0
900,1500,1500,200,500,15.0,450,10000,5000000,71542837088,27954208768,30181896192,25724.213755,0,0,1,0,0,1,0,0,0,1,0
900,1500,1500,200,500,15.0,450,10000,0,69527858799,13708808192,28981157888,11465.97735,0,0,1,0,1,0,0,0,0,1,0
900,1500,1500,200,500,15.0,450,10000,5000000,75204927779,16999325696,30247436288,12662.875316,0,0,1,1,0,0,0,0,0,1,0
900,1500,1500,200,500,15.0,450,10000,5000000,75205254025,16999325696,30247436288,13495.324177,0,0,1,1,0,0,0,0,0,1,0
900,1500,1500,200,500,15.0,450,10000,5000000,85806249269,20273926144,31569518592,21124.895567,0,0,1,0,0,0,0,0,0,1,0
900,1500,1500,200,500,15.0,450,10000,5000000,85806071090,20273926144,31569518592,20192.181385,0,0,1,0,0,0,0,0,0,1,0
900,1500,1500,200,500,15.0,450,10000,5000000,162288184776,23576293376,38728937472,24919.843623,0,0,0,0,0,0,1,0,0,1,0
900,1500,1500,200,500,15.0,450,10000,0,73061262307,20307664896,29548781568,12741.010391,0,0,0,0,1,0,0,0,0,1,0
900,1500,1500,200,500,15.0,450,10000,5000000,79509164950,23045611520,31484399616,13984.669223,0,0,0,1,0,0,0,0,0,1,0
900,1500,1500,200,250,15.0,450,10000,5000000,92210361004,26462457856,32268201984,20413.486709,0,0,0,0,0,0,0,0,0,1,0
900,1500,1500,200,500,15.0,250,10000,5000000,39404622950,11054833664,19604492288,4954.985408,0,0,1,0,0,0,0,1,0,1,0
900,1500,1500,200,500,15.0,250,10000,5000000,68386485869,10777178112,20850286592,7517.260396,0,0,1,0,0,0,1,0,0,1,0
900,1500,1500,200,500,15.0,250,10000,5000000,39186753113,13513052160,19608211456,7528.139056,0,0,1,0,0,1,0,0,0,1,0
900,1500,1500,200,500,15.0,250,10000,0,38473203158,8702947328,19075395584,4144.780437,0,0,1,0,1,0,0,0,0,1,0
900,1500,1500,200,500,15.0,250,10000,5000000,40132922403,10587729920,19616985088,4568.051622,0,0,1,1,0,0,0,0,0,1,0
900,1500,1500,200,500,15.0,250,10000,5000000,44329789427,12395061248,19722354688,6195.877394,0,0,1,0,0,0,0,0,0,1,0
900,1500,1500,200,500,15.0,250,10000,0,40427123221,11344461824,19522916352,4428.365663,0,0,0,0,1,0,0,0,0,1,0
900,1500,1500,200,500,15.0,250,10000,5000000,42216861815,12868595712,19858120704,4733.27268,0,0,0,1,0,0,0,0,0,1,0
900,1500,1500,200,250,15.0,250,10000,5000000,47361380183,14767308800,20073644032,6938.454002,0,0,0,0,0,0,0,0,0,1,0
900,1500,1500,200,500,1.5,250,10000,5000000,77389527506,13166211072,21303238656,8658.3914,0,0,0,0,0,0,1,0,0,1,0
1,500,500,75,100,1.5,100,1000000,0,50899469031,15791529984,6237581312,9337.900622,0,0,0,0,0,0,0,0,0,1,0
10,500,500,75,100,1.5,100,1000000,0,19278897117,7811235840,5900709888,2166.065476,0,0,0,0,0,0,0,0,0,1,0
1,0,0,0,0,0.0,98,10000,100000000,8293405446,5491380224,2628792320,4266.784844,0,1,0,0,0,0,0,0,1,0,1
1,0,0,0,0,0.0,98,10000,100000000,8293579464,5491380224,2628792320,4175.633496,0,1,0,0,0,0,0,0,1,0,1
1,0,0,0,0,0.0,98,10000,100000000,8293405446,5491380224,2628792320,4266.784844,0,1,0,0,0,0,0,0,1,0,1
1,0,0,0,0,0.0,98,10000,100000000,8293579464,5491380224,2628792320,4175.633496,0,1,0,0,0,0,0,0,1,0,1
1,1000,1000,100,500,1.5,500,100000,5000000,275039844310,33345536000,49162772480,41541.945667,0,0,0,0,0,0,0,1,0,1,0
1,1500,1500,250,1000,1.0,350,100000,1000000,183340166205,23374897152,27297308672,20818.122535,0,0,0,0,0,0,0,1,0,1,0
9,1000,1000,200,300,1.0,400,100000,5000000,66763217572,20272840704,30962102272,14820.243827,0,0,1,0,0,0,0,1,0,1,0
1,500,500,300,500,3.5,300,100000,5000000,175085987039,20114616320,28231499776,21909.509376,0,0,0,0,0,0,0,0,0,1,0
1,1000,1000,100,50,1.5,200,1000000,5000000,33848526552,12027305984,13605826560,8884.787199,0,0,1,0,0,0,0,1,0,1,0
9,1000,1000,100,25,1.5,200,1000000,1000000,32266212121,23394930688,13297676288,10086.662415,0,0,1,0,0,1,0,0,0,1,0
60,300,500,200,150,4.8,200,1000000,5000000,35064716687,10053136384,13628162048,4418.45053,0,0,1,0,0,0,0,0,0,1,0
9,700,700,200,120,10.5,150,1000000,10000000,25570502809,7284363264,8876253184,2512.422684,0,0,1,1,0,0,0,0,0,1,0
9,700,700,200,120,9.5,100,100000,1000000,20147142933,6092623872,5961465856,1805.524818,0,0,0,0,0,0,0,0,0,1,0
1,500,500,150,75,1.5,150,1000000,100000000,79095207759,16542683136,10189967360,7305.377965,0,0,0,0,0,0,1,0,0,1,0
1,700,700,200,75,9.5,75,1000000,10000000,38590506898,4846686208,6274437120,3229.45192,0,0,0,1,0,0,0,0,0,1,0
1,500,500,150,75,3.5,75,100000,100000000,41165008794,5114576896,6209540096,3622.541864,0,0,0,0,0,0,1,0,0,1,0
60,1000,1000,150,100,10.0,100,10000,100000000,28440907278,5506895872,6315741184,3216.502912,0,0,0,0,0,0,1,0,0,1,0
30,500,500,150,75,3.5,75,10000,100000000,24132944984,4389216256,6096805888,3726.914827,0,0,0,0,0,0,1,0,0,1,0
60,700,700,100,100,10.0,100,10000,100000000,15870181634,4452741120,5771722752,2228.053711,0,0,1,1,0,0,0,0,0,1,0
90,1000,1000,100,125,1.5,125,10000,5000000,20297199025,7445479424,8721313792,2877.117358,0,0,0,0,0,1,0,0,0,1,0
60,700,700,150,100,9.0,100,10000,100000000,25741988527,4696530944,5940916224,3392.489637,0,0,1,0,0,0,1,0,0,1,0
60,700,700,100,75,3.5,75,10000,100000000,19111222867,3566174208,5801050112,2291.931762,0,0,1,0,0,0,1,0,0,1,0
1,1500,1500,150,125,1.5,125,10000,5000000,22995732696,6909030400,8834031616,3183.247609,0,0,1,0,0,0,0,1,0,1,0
30,300,400,300,500,3.5,300,10000,100000000,101406257003,14695268352,22074400768,30420.134881,0,0,1,0,0,0,1,0,0,1,0
60,300,500,200,150,4.8,200,10000,5000000,175082672910,10370363392,18098094080,24940.503185,0,0,1,0,0,0,0,0,0,1,0
30,1600,1600,150,200,10.0,250,10000,5000000,43758389236,20037541888,20252803072,13086.228329,0,0,0,0,0,1,0,0,0,1,0
100,1500,1500,200,300,1.0,400,10000,5000000,64950584233,18959122432,30001508352,12447.340405,0,0,1,0,0,0,0,1,0,1,0
90,900,900,250,150,20.0,150,10000,5000000,23568537508,7579340800,8668098560,2487.935469,0,0,1,0,0,0,0,1,0,1,0
90,1400,1400,100,200,5.0,200,10000,5000000,33751325606,16501784576,13407330304,8970.151025,0,0,0,0,0,1,0,0,0,1,0
30,450,550,150,100,5.0,125,10000,5000000,21330796100,10847305728,8824033280,3481.944088,0,0,0,0,0,1,0,0,0,1,0
1,500,1500,350,100,14.0,85,10000,5000000,15777279518,4751941632,5778337792,1948.615796,0,0,1,0,0,0,0,1,0,1,0
65,1600,1600,200,70,5.0,75,10000,5000000,12028306031,2754560000,5693243392,1080.255044,0,0,0,0,0,1,0,0,0,1,0
60,700,700,200,120,9.5,100,10000,100000000,25242483772,4691202048,5905178624,3111.747682,0,0,1,0,0,0,1,0,0,1,0
60,700,700,200,120,10.5,100,10000,100000000,15873364047,4446388224,5758455808,1907.837039,0,0,1,1,0,0,0,0,0,1,0
60,700,700,200,120,9.5,100,10000,100000000,29782422220,5521113088,6239072256,3499.55231,0,0,0,0,0,0,1,0,0,1,0
60,700,700,200,120,10.5,100,10000,100000000,16970067860,5282643968,5879013376,1832.508865,0,0,0,1,0,0,0,0,0,1,0
90,700,700,200,120,9.5,111,10000,5000000,31035500086,5742456832,8805117952,3388.868699,0,0,1,0,0,0,0,0,0,1,0
9,500,500,100,50,15.0,84,10000,5000000,50956944782,4433043456,6333800448,5078.32829,0,0,1,0,0,0,0,0,0,1,0
90,700,700,200,120,9.5,100,10000,5000000,26004589202,5170749440,5910667264,2761.169653,0,0,1,0,0,0,0,0,0,1,0
90,700,700,200,120,9.5,100,10000,5000000,20978964943,6022008832,5918593024,2083.993707,0,0,0,0,0,0,0,0,0,1,0
9,1500,1500,200,1000,15.0,90,10000,5000000,22823133771,5530382336,5944475648,2121.372063,0,0,0,0,0,0,0,0,0,1,0
1,0,0,0,0,0.0,98,10000,100000000,8293405446,5491380224,2628792320,4266.784844,0,1,0,0,0,0,0,0,1,0,1
1,0,0,0,0,0.0,98,10000,100000000,8293579464,5491380224,2628792320,4175.633496,0,1,0,0,0,0,0,0,1,0,1
1,0,0,0,0,0.0,98,10000,100000000,8293405446,5491380224,2628792320,4266.784844,0,1,0,0,0,0,0,0,1,0,1
1,0,0,0,0,0.0,98,10000,100000000,8293579464,5491380224,2628792320,4175.633496,0,1,0,0,0,0,0,0,1,0,1
90,500,500,200,300,1.5,700,10000,1000000,128384015793,30313455616,48600375296,29397.077533,0,0,1,1,0,0,0,0,0,1,0
9,1000,1000,250,400,3.5,700,100000,100000000,171620171132,50588594176,54311993344,34827.966865,0,0,0,0,0,0,1,0,0,1,0
9,1500,1500,300,300,1.5,700,10000,1000000,167594205755,37214330880,58443530240,35325.363864,0,0,0,1,0,0,0,0,0,1,0
90,500,500,500,100,1.0,400,10000,100000,69909005254,22632894464,30706065408,12403.423075,0,0,0,0,0,0,0,1,0,1,0
90,1500,1500,200,50,2.5,500,100000,1000000,113926904347,27157118976,35903160320,19726.285012,0,0,0,1,0,0,0,0,0,1,0
90,500,500,300,500,1.5,400,10000,1000000,152798429751,20103938048,35787866112,28391.022849,0,0,1,0,0,0,0,0,0,1,0
9,1500,1500,200,100,1.5,500,10000,100000,160455175894,21932474368,36582158336,21507.863761,0,0,1,0,0,0,1,0,0,1,0
1,1500,1500,500,200,1.5,600,10000,1000000,107175528504,28619530240,47610417152,21054.405515,0,0,1,1,0,0,0,0,0,1,0
1,1000,1000,50,600,1.0,400,10000,100000,218570943137,25916841984,45342400512,30623.683244,0,0,0,0,0,0,0,1,0,1,0
9,1500,1500,150,100,3.5,400,10000,500000,100762580296,23857582080,33880936448,15640.71007,0,0,0,0,0,0,0,0,0,1,0
1,1500,1500,250,350,2.5,400,100000,1000000,227235308503,25008283648,44870123520,29018.517422,0,0,0,1,0,0,0,0,0,1,0
9,1500,1500,100,300,1.5,400,10000,500000,82471873370,89828671488,33573187584,67528.064679,0,0,0,0,0,1,0,0,0,1,0
30,1000,1000,100,300,3.5,400,10000,1000000,136309705827,17581146112,34206920704,17601.811544,0,0,1,0,0,0,1,0,0,1,0
1,1000,1000,300,300,1.5,400,100000,1000000,81649435875,19962085376,31482212352,11767.048921,0,0,1,1,0,0,0,0,0,1,0
1,1000,1000,100,700,1.0,400,10000,1000000,73139128555,21498118144,32748781568,19679.288397,0,0,1,0,0,0,0,1,0,1,0
9,1000,1000,50,400,6.0,400,100000,5000000,105270267043,20478742528,32542695424,25503.723035,0,0,1,0,0,0,0,0,0,1,0
1,500,500,500,1000,1.5,600,1000000,10000000,155188115114,32108941312,53014917120,30494.90521,0,0,1,1,0,0,0,0,0,1,0
9,1000,1000,300,200,2.5,500,1000000,1000000,108015510737,27653595136,35216338944,19707.029936,0,0,0,1,0,0,0,0,0,1,0
1,500,500,100,100,1.5,500,100000,1000000,304078826727,33364619264,55519014912,52067.839222,0,0,0,0,0,0,0,0,0,1,0
1,700,700,200,300,1.0,700,100000,5000000,134844607894,37862445056,53695074304,61177.139505,0,0,1,0,0,0,0,1,0,1,0
1,500,500,500,600,3.5,650,100000,5000000,393476197435,43749421056,74999005184,75551.311526,0,0,0,0,0,0,0,0,0,1,0
9,1000,1000,300,700,1.5,700,1000000,5000000,152076691422,41691275264,55636951040,35587.836961,0,0,0,0,0,0,0,0,0,1,0
9,1500,1500,100,500,1.5,600,1000000,10000000,134920240727,28071956480,51360202752,25598.185672,0,0,1,1,0,0,0,0,0,1,0
9,700,700,200,120,10.5,150,1000000,10000000,25570502809,7284363264,8876253184,2512.422684,0,0,1,1,0,0,0,0,0,1,0
9,700,700,200,120,9.5,100,100000,1000000,20147142933,6092623872,5961465856,1805.524818,0,0,0,0,0,0,0,0,0,1,0
1,500,500,150,75,1.5,150,1000000,100000000,79095207759,16542683136,10189967360,7305.377965,0,0,0,0,0,0,1,0,0,1,0
1,700,700,200,75,9.5,75,1000000,10000000,38590506898,4846686208,6274437120,3229.45192,0,0,0,1,0,0,0,0,0,1,0
1,500,500,150,75,3.5,75,100000,100000000,41165008794,5114576896,6209540096,3622.541864,0,0,0,0,0,0,1,0,0,1,0
60,1000,1000,150,100,10.0,100,10000,100000000,28440907278,5506895872,6315741184,3216.502912,0,0,0,0,0,0,1,0,0,1,0
30,500,500,150,75,3.5,75,10000,100000000,24132944984,4389216256,6096805888,3726.914827,0,0,0,0,0,0,1,0,0,1,0
60,700,700,100,100,10.0,100,10000,100000000,15870181634,4452741120,5771722752,2228.053711,0,0,1,1,0,0,0,0,0,1,0
90,1000,1000,100,125,1.5,125,10000,5000000,20297199025,7445479424,8721313792,2877.117358,0,0,0,0,0,1,0,0,0,1,0
60,700,700,150,100,9.0,100,10000,100000000,25741988527,4696530944,5940916224,3392.489637,0,0,1,0,0,0,1,0,0,1,0
60,700,700,100,75,3.5,75,10000,100000000,19111222867,3566174208,5801050112,2291.931762,0,0,1,0,0,0,1,0,0,1,0
1,1500,1500,150,125,1.5,125,10000,5000000,22995732696,6909030400,8834031616,3183.247609,0,0,1,0,0,0,0,1,0,1,0
30,300,400,300,500,3.5,300,10000,100000000,101406257003,14695268352,22074400768,30420.134881,0,0,1,0,0,0,1,0,0,1,0
60,300,500,200,150,4.8,200,10000,5000000,175082672910,10370363392,18098094080,24940.503185,0,0,1,0,0,0,0,0,0,1,0
30,1600,1600,150,200,10.0,250,10000,5000000,43758389236,20037541888,20252803072,13086.228329,0,0,0,0,0,1,0,0,0,1,0
100,1500,1500,200,300,1.0,400,10000,5000000,64950584233,18959122432,30001508352,12447.340405,0,0,1,0,0,0,0,1,0,1,0
90,900,900,250,150,20.0,150,10000,5000000,23568537508,7579340800,8668098560,2487.935469,0,0,1,0,0,0,0,1,0,1,0
90,1400,1400,100,200,5.0,200,10000,5000000,33751325606,16501784576,13407330304,8970.151025,0,0,0,0,0,1,0,0,0,1,0
30,450,550,150,100,5.0,125,10000,5000000,21330796100,10847305728,8824033280,3481.944088,0,0,0,0,0,1,0,0,0,1,0
1,500,1500,350,100,14.0,85,10000,5000000,15777279518,4751941632,5778337792,1948.615796,0,0,1,0,0,0,0,1,0,1,0
65,1600,1600,200,70,5.0,75,10000,5000000,12028306031,2754560000,5693243392,1080.255044,0,0,0,0,0,1,0,0,0,1,0
60,700,700,200,120,9.5,100,10000,100000000,25242483772,4691202048,5905178624,3111.747682,0,0,1,0,0,0,1,0,0,1,0
60,700,700,200,120,10.5,100,10000,100000000,15873364047,4446388224,5758455808,1907.837039,0,0,1,1,0,0,0,0,0,1,0
60,700,700,200,120,9.5,100,10000,100000000,29782422220,5521113088,6239072256,3499.55231,0,0,0,0,0,0,1,0,0,1,0
60,700,700,200,120,10.5,100,10000,100000000,16970067860,5282643968,5879013376,1832.508865,0,0,0,1,0,0,0,0,0,1,0
90,700,700,200,120,9.5,111,10000,5000000,31035500086,5742456832,8805117952,3388.868699,0,0,1,0,0,0,0,0,0,1,0
9,500,500,100,50,15.0,84,10000,5000000,50956944782,4433043456,6333800448,5078.32829,0,0,1,0,0,0,0,0,0,1,0
90,700,700,200,120,9.5,100,10000,5000000,26004589202,5170749440,5910667264,2761.169653,0,0,1,0,0,0,0,0,0,1,0
90,700,700,200,120,9.5,100,10000,5000000,20978964943,6022008832,5918593024,2083.993707,0,0,0,0,0,0,0,0,0,1,0
9,1500,1500,200,1000,15.0,90,10000,5000000,22823133771,5530382336,5944475648,2121.372063,0,0,0,0,0,0,0,0,0,1,0
1,0,0,0,0,0.0,98,10000,100000000,8293405446,5491380224,2628792320,4266.784844,0,1,0,0,0,0,0,0,1,0,1
1,0,0,0,0,0.0,98,10000,100000000,8293579464,5491380224,2628792320,4175.633496,0,1,0,0,0,0,0,0,1,0,1
90,1200,1200,100,500,2.5,1000,100000,10000000,197175597386,54264373248,82173804544,58432.19794,0,0,0,1,0,0,0,0,0,1,0
1,1500,1500,100,250,1.5,950,100000,1000000,594131168161,63313211392,145027297280,133625.162876,0,0,0,0,0,0,0,0,0,1,0
9,1000,1000,200,500,1.5,850,1000000,5000000,187878760479,50651283456,81566081024,50763.415407,0,0,0,0,0,0,0,0,0,1,0
1,1000,1000,300,200,1.5,750,100000,5000000,454623737891,50115911680,89091452928,86521.83941,0,0,0,0,0,0,0,0,0,1,0
9,0,0,0,0,0.0,2000,100000,3000000,238213143586,38960357376,156610445312,104805.030937,1,0,1,0,0,0,0,1,0,0,0
1,0,0,0,0,0.0,1600,1000000,10000000,247571367314,34927468544,103148273664,80751.747363,1,0,1,1,0,0,0,0,0,0,0
9,0,0,0,0,0.0,1500,100000,5000000,297214964329,34109128704,116538654720,88914.925379,1,0,0,0,0,0,0,1,0,0,0
9,0,0,0,0,0.0,1700,100000,5000000,348610894718,40966950912,140623065088,111471.871309,1,0,0,0,0,0,0,0,0,0,0
9,0,0,0,0,0.0,700,1000000,5000000,133393209651,14823141376,47491579904,25910.158698,1,0,0,0,0,0,0,0,0,0,0
1,0,0,0,0,0.0,1000,10000,5000000,148116190552,22315995136,69700268032,55925.444697,1,0,1,0,0,0,0,1,0,0,0
9,0,0,0,0,0.0,600,1000000,10000000,87827932783,10163785728,43667640320,17107.236241,1,0,1,1,0,0,0,0,0,0,0
9,0,0,0,0,0.0,1000,100000,10000000,192061821472,22593736704,79835299840,45941.670898,1,0,0,1,0,0,0,0,0,0,0
1,0,0,0,0,0.0,500,100000,5000000,247535115748,14021586944,40576729088,33907.362998,1,0,0,0,0,0,0,1,0,0,0
1,0,0,0,0,0.0,650,100000,5000000,104839065021,14430744576,21343920128,15830.301559,1,0,0,0,0,0,0,0,0,0,0
1,1500,1000,50,200,1.5,500,10000,1000000,485796291681,33394290688,75176108032,75418.725741,0,0,0,0,0,0,0,0,0,1,0
1,1500,1500,200,300,1.0,1000,10000,5000000,186299467212,53238554624,79048499200,132546.522638,0,0,1,0,0,0,0,1,0,1,0
1,500,500,500,300,1.5,300,100000,5000000,140009213362,92509630464,25984589824,46746.057829,0,0,0,0,0,1,0,0,0,1,0
60,500,500,300,150,1.5,150,100000,5000000,25242346393,15088947200,8884105216,5102.970248,0,0,0,0,0,1,0,0,0,1,0
1,1000,1000,200,300,1.5,150,10000,500000,66159365876,9775853568,10324586496,7589.920389,0,0,0,0,0,1,0,0,0,1,0
1,500,500,200,100,1.5,100,10000,1000000,16660041509,8523235328,5877092352,2300.200418,0,0,1,0,0,1,0,0,0,1,0
1,1500,1500,50,500,1.5,200,100000,10000000,104900324181,13433651200,15972134912,10476.029985,0,0,0,0,0,0,0,1,0,1,0
100,1000,1000,500,500,1.0,200,10000,1000000,33862070458,11548725248,13269180416,3480.283519,0,0,0,0,0,0,0,1,0,1,0
9,700,700,600,500,1.0,150,100000,10000000,30386180247,9053532160,9059319808,3049.066294,0,0,0,0,0,0,0,1,0,1,0
60,700,700,200,50,1.0,150,10000,1000000,25583364416,8799186944,9023270912,2709.961082,0,0,0,0,0,0,0,1,0,1,0
1,500,500,500,100,1.0,100,100000,5000000,50399802905,6797037568,6430121984,4559.247544,0,0,0,0,0,0,0,1,0,1,0
90,1700,1700,100,500,1.0,100,10000,1000000,16649293683,5918138368,5837766656,1622.953351,0,0,0,0,0,0,0,1,0,1,0
100,1500,1500,500,600,1.5,850,100000,2000000,164352805146,38365036544,69442052096,34664.251814,0,0,1,0,0,0,1,0,0,1,0
90,1500,1500,500,900,1.5,1000,100000,5000000,229681865952,49469243392,84109950976,76367.478317,0,0,1,0,0,0,0,0,0,1,0
1,1500,1500,500,1000,1.5,1000,10000,1000000,564312734937,66653052928,126019350528,110354.217136,0,0,0,0,0,0,0,1,0,1,0
9,1000,1000,500,1000,1.0,1000,10000,1000000,180243982036,48196026368,76378505216,91523.812183,0,0,1,0,0,0,0,1,0,1,0
1,1000,1000,500,800,1.5,800,10000,1000000,154919051855,38151589888,51847720960,34692.593373,0,0,1,1,0,0,0,0,0,1,0
9,500,500,400,700,1.0,700,100000,100000,153445777082,41673060352,55914512384,32987.553663,0,0,0,0,0,0,0,1,0,1,0
90,1000,1000,300,200,1.0,700,10000,100000,122734037843,39487541248,49968762880,30591.635499,0,0,0,0,0,0,0,1,0,1,0
9,1500,1500,500,100,4.8,1000,10000,5000000,536102692609,60400283648,137064640512,129731.302218,0,0,0,0,0,0,0,0,0,1,0
1,1000,1000,400,500,1.5,1000,100000,100000000,592526938280,82180399104,137503694848,122715.946553,0,0,0,0,0,0,1,0,0,1,0
9,1000,1000,300,400,2.5,1000,100000,10000000,251540446114,55266095104,90299961344,67268.404286,0,0,0,1,0,0,0,0,0,1,0
1,1000,1000,100,300,1.5,600,10000,5000000,292776273391,401440202752,69733195776,274664.622773,0,0,0,0,0,1,0,0,0,1,0
1,500,500,500,600,3.5,650,100000,5000000,393476237099,43749421056,74999005184,76181.047928,0,0,0,0,0,0,0,0,0,1,0
1,500,500,100,100,1.5,500,100000,1000000,304079054975,33364619264,55519014912,53420.313009,0,0,0,0,0,0,0,0,0,1,0
9,1500,1500,100,500,1.5,600,1000000,10000000,134920624251,28071956480,51360202752,27359.292717,0,0,1,1,0,0,0,0,0,1,0
1,500,500,150,300,3.5,700,10000,1000000,640276875684,42223140864,151282360320,142955.817394,0,0,0,0,0,0,1,0,0,1,0
90,500,500,200,300,1.5,700,10000,1000000,128384015793,30313455616,48600375296,29397.077533,0,0,1,1,0,0,0,0,0,1,0
9,1000,1000,250,400,3.5,700,100000,100000000,171620171132,50588594176,54311993344,34827.966865,0,0,0,0,0,0,1,0,0,1,0
9,1500,1500,300,300,1.5,700,10000,1000000,167594205755,37214330880,58443530240,35325.363864,0,0,0,1,0,0,0,0,0,1,0
90,500,500,500,100,1.0,400,10000,100000,69909005254,22632894464,30706065408,12403.423075,0,0,0,0,0,0,0,1,0,1,0
90,1500,1500,200,50,2.5,500,100000,1000000,113926904347,27157118976,35903160320,19726.285012,0,0,0,1,0,0,0,0,0,1,0
90,500,500,300,500,1.5,400,10000,1000000,152798429751,20103938048,35787866112,28391.022849,0,0,1,0,0,0,0,0,0,1,0
9,1500,1500,200,100,1.5,500,10000,100000,160455175894,21932474368,36582158336,21507.863761,0,0,1,0,0,0,1,0,0,1,0
1,1500,1500,500,200,1.5,600,10000,1000000,107175528504,28619530240,47610417152,21054.405515,0,0,1,1,0,0,0,0,0,1,0
1,1000,1000,50,600,1.0,400,10000,100000,218570943137,25916841984,45342400512,30623.683244,0,0,0,0,0,0,0,1,0,1,0
9,1500,1500,150,100,3.5,400,10000,500000,100762580296,23857582080,33880936448,15640.71007,0,0,0,0,0,0,0,0,0,1,0
1,1500,1500,250,350,2.5,400,100000,1000000,227235308503,25008283648,44870123520,29018.517422,0,0,0,1,0,0,0,0,0,1,0
9,1500,1500,100,300,1.5,400,10000,500000,82471873370,89828671488,33573187584,67528.064679,0,0,0,0,0,1,0,0,0,1,0
30,1000,1000,100,300,3.5,400,10000,1000000,136309705827,17581146112,34206920704,17601.811544,0,0,1,0,0,0,1,0,0,1,0
1,1000,1000,300,300,1.5,400,100000,1000000,81649435875,19962085376,31482212352,11767.048921,0,0,1,1,0,0,0,0,0,1,0
1,1000,1000,100,700,1.0,400,10000,1000000,73139128555,21498118144,32748781568,19679.288397,0,0,1,0,0,0,0,1,0,1,0
9,1000,1000,50,400,6.0,400,100000,5000000,105270267043,20478742528,32542695424,25503.723035,0,0,1,0,0,0,0,0,0,1,0
1,500,500,500,1000,1.5,600,1000000,10000000,155188115114,32108941312,53014917120,30494.90521,0,0,1,1,0,0,0,0,0,1,0
9,1000,1000,300,200,2.5,500,1000000,1000000,108015510737,27653595136,35216338944,19707.029936,0,0,0,1,0,0,0,0,0,1,0
1,500,500,100,100,1.5,500,100000,1000000,304078826727,33364619264,55519014912,52067.839222,0,0,0,0,0,0,0,0,0,1,0
1,700,700,200,300,1.0,700,100000,5000000,134844607894,37862445056,53695074304,61177.139505,0,0,1,0,0,0,0,1,0,1,0
1,500,500,500,600,3.5,650,100000,5000000,393476197435,43749421056,74999005184,75551.311526,0,0,0,0,0,0,0,0,0,1,0
9,1000,1000,300,700,1.5,700,1000000,5000000,152076691422,41691275264,55636951040,35587.836961,0,0,0,0,0,0,0,0,0,1,0
9,1500,1500,100,500,1.5,600,1000000,10000000,134920240727,28071956480,51360202752,25598.185672,0,0,1,1,0,0,0,0,0,1,0
90,0,0,0,0,0.0,3600,100000,10000000,484271715770,93930082304,273039560704,346805.421805,1,0,0,1,0,0,0,0,0,0,0
1,1000,1000,400,200,1.5,550,10000,5000000,258711419121,153773088768,67183632384,115619.118172,0,0,0,0,0,1,0,0,0,1,0
90,1000,1000,150,50,1.5,600,10000,5000000,104395123367,279368515584,48105594880,173105.656201,0,0,1,0,0,1,0,0,0,1,0
1,1000,1000,300,300,1.0,550,10000,100000,296018130247,35628666880,62481670144,44848.37865,0,0,0,0,0,0,0,1,0,1,0
1,1000,1000,300,500,3.5,550,10000,1000000,443172998044,33202454528,89929977856,76910.138975,0,0,0,0,0,0,1,0,0,1,0
1,1000,1000,50,450,2.5,550,100000,5000000,307576853859,34334904320,66414071808,48669.746968,0,0,0,1,0,0,0,0,0,1,0
1,1500,1500,250,300,3.5,550,100000,5000000,321281529834,36709928960,65313157120,50169.522191,0,0,0,0,0,0,0,0,0,1,0
90,1500,1500,500,300,1.0,600,10000,1000000,98448512130,28339175424,46026424320,24974.018446,0,0,1,0,0,0,0,1,0,1,0
9,1000,1000,300,500,3.5,600,10000,1000000,208370522315,26543702016,57975857152,31777.379942,0,0,1,0,0,0,1,0,0,1,0
90,1500,1500,50,600,1.5,600,100000,1000000,180712761322,27296739328,52162678784,30388.803761,0,0,1,1,0,0,0,0,0,1,0
1,900,900,100,350,1.5,600,100000,5000000,169251120485,32678457344,55224500224,50507.99932,0,0,1,0,0,0,0,0,0,1,0
1,1500,1500,350,500,1.5,1100,100000,1000000,652776573154,73329303552,144957272064,142390.164036,0,0,0,0,0,0,0,0,0,1,0
90,1500,1500,250,400,1.5,900,100000,5000000,165733893681,368982900736,78305816576,335650.339342,0,0,0,0,0,1,0,0,0,1,0
90,0,0,0,0,0.0,2000,100000,3000000,236814910551,34677735424,151890980864,107185.873,1,0,1,0,0,0,0,1,0,0,0
90,1500,1500,150,600,15.0,850,100000,100000000,146265556604,37707186176,69400829952,42252.161129,0,0,1,1,0,0,0,0,0,1,0
1,1200,1200,300,400,1.5,950,100000,100000000,178330512980,47512604672,75205615616,76563.303402,0,0,1,1,0,0,0,0,0,1,0
1,1500,1500,300,500,1.5,900,100000,100000000,529198435830,70670761984,122622308352,103928.171491,0,0,0,0,0,0,1,0,0,1,0
9,1000,1000,350,650,1.5,1050,100000,100000000,263493546661,77617594368,92511961088,67238.360142,0,0,0,0,0,0,1,0,0,1,0
9,1500,1500,100,150,9.5,500,100000,100000000,122079755111,35430961152,35167522816,21709.37999,0,0,0,0,0,0,1,0,0,1,0
1,1500,1500,150,300,1.5,750,100000,100000000,437683191337,59140689920,77812785152,78654.053736,0,0,0,0,0,0,1,0,0,1,0
9,1500,1500,250,500,1.5,1000,100000,5000000,178503889235,50611101696,76644487168,73001.000596,0,0,1,0,0,0,0,1,0,1,0
1,1500,1500,300,600,1.5,800,100000,5000000,143379553050,43258560512,52657999872,54984.028401,0,0,1,0,0,0,0,1,0,1,0
90,900,900,50,300,1.5,900,100000,5000000,194799825099,43988942848,79745396736,91455.612414,0,0,1,0,0,0,0,1,0,1,0
1,0,0,0,0,0.0,3600,10000,0,216783806265,68468252672,103918923776,129666.911079,1,1,0,0,1,0,0,0,0,0,0
9,1000,1000,50,500,1.5,750,100000,5000000,205383912376,38674104320,56409743360,73118.466579,0,0,1,0,0,0,0,0,0,1,0
1,1500,1500,300,300,4.8,950,100000,5000000,261503449575,51394461696,88854097920,90098.377641,0,0,1,0,0,0,0,0,0,1,0
90,1500,1500,300,100,1.5,950,100000,1000000,166959946805,55264722944,76275085312,47144.213896,0,0,0,0,0,0,0,1,0,1,0
1,1000,1000,100,300,1.5,850,100000,5000000,488210402555,56649183232,109946290176,95143.25995,0,0,0,0,0,0,0,1,0,1,0
9,500,500,50,200,1.5,750,1000000,5000000,166549339483,44637204480,54901211136,40143.056766,0,0,0,0,0,0,0,1,0,1,0
90,1500,1500,50,30,1.5,550,10000,5000000,110176173012,424037376000,49833914368,342232.372661,0,0,0,0,0,1,0,0,0,1,0
90,1500,1500,200,50,1.5,650,100000,1000000,112963359656,37883867136,48856674304,24310.397649,0,0,0,0,0,0,0,1,0,1,0
90,1500,1500,100,200,1.0,550,100000,1000000,95946148597,31803891712,46264479744,19058.058699,0,0,0,0,0,0,0,1,0,1,0
90,1200,1200,100,500,2.5,1000,100000,10000000,197175597386,54264373248,82173804544,58432.19794,0,0,0,1,0,0,0,0,0,1,0
1,1500,1500,100,250,1.5,950,100000,1000000,594131168161,63313211392,145027297280,133625.162876,0,0,0,0,0,0,0,0,0,1,0
9,1000,1000,200,500,1.5,850,1000000,5000000,187878760479,50651283456,81566081024,50763.415407,0,0,0,0,0,0,0,0,0,1,0
1,1000,1000,300,200,1.5,750,100000,5000000,454623737891,50115911680,89091452928,86521.83941,0,0,0,0,0,0,0,0,0,1,0
9,0,0,0,0,0.0,2000,100000,3000000,238213143586,38960357376,156610445312,104805.030937,1,0,1,0,0,0,0,1,0,0,0
1,0,0,0,0,0.0,1600,1000000,10000000,247571367314,34927468544,103148273664,80751.747363,1,0,1,1,0,0,0,0,0,0,0
9,0,0,0,0,0.0,1500,100000,5000000,297214964329,34109128704,116538654720,88914.925379,1,0,0,0,0,0,0,1,0,0,0
9,0,0,0,0,0.0,1700,100000,5000000,348610894718,40966950912,140623065088,111471.871309,1,0,0,0,0,0,0,0,0,0,0
9,0,0,0,0,0.0,700,1000000,5000000,133393209651,14823141376,47491579904,25910.158698,1,0,0,0,0,0,0,0,0,0,0
1,0,0,0,0,0.0,1000,10000,5000000,148116190552,22315995136,69700268032,55925.444697,1,0,1,0,0,0,0,1,0,0,0
9,0,0,0,0,0.0,600,1000000,10000000,87827932783,10163785728,43667640320,17107.236241,1,0,1,1,0,0,0,0,0,0,0
9,0,0,0,0,0.0,1000,100000,10000000,192061821472,22593736704,79835299840,45941.670898,1,0,0,1,0,0,0,0,0,0,0
1,0,0,0,0,0.0,500,100000,5000000,247535115748,14021586944,40576729088,33907.362998,1,0,0,0,0,0,0,1,0,0,0
1,0,0,0,0,0.0,650,100000,5000000,104839065021,14430744576,21343920128,15830.301559,1,0,0,0,0,0,0,0,0,0,0
1,0,0,0,0,0.0,300,10000,0,13582559892,4635529216,5883039744,1792.988191,1,1,0,0,1,0,0,0,0,0,0
1,1500,1000,50,200,1.5,500,10000,1000000,485796291681,33394290688,75176108032,75418.725741,0,0,0,0,0,0,0,0,0,1,0
1,1500,1500,200,300,1.0,1000,10000,5000000,186299467212,53238554624,79048499200,132546.522638,0,0,1,0,0,0,0,1,0,1,0
1,0,0,0,0,0.0,3600,10000,0,216785723650,68468252672,103918923776,139032.880231,1,1,0,0,1,0,0,0,0,0,0
1,500,500,500,300,1.5,300,100000,5000000,140009213362,92509630464,25984589824,46746.057829,0,0,0,0,0,1,0,0,0,1,0
60,500,500,300,150,1.5,150,100000,5000000,25242346393,15088947200,8884105216,5102.970248,0,0,0,0,0,1,0,0,0,1,0
1,1000,1000,200,300,1.5,150,10000,500000,66159365876,9775853568,10324586496,7589.920389,0,0,0,0,0,1,0,0,0,1,0
1,500,500,200,100,1.5,100,10000,1000000,16660041509,8523235328,5877092352,2300.200418,0,0,1,0,0,1,0,0,0,1,0
1,1500,1500,50,500,1.5,200,100000,10000000,104900324181,13433651200,15972134912,10476.029985,0,0,0,0,0,0,0,1,0,1,0
100,1000,1000,500,500,1.0,200,10000,1000000,33862070458,11548725248,13269180416,3480.283519,0,0,0,0,0,0,0,1,0,1,0
9,700,700,600,500,1.0,150,100000,10000000,30386180247,9053532160,9059319808,3049.066294,0,0,0,0,0,0,0,1,0,1,0
60,700,700,200,50,1.0,150,10000,1000000,25583364416,8799186944,9023270912,2709.961082,0,0,0,0,0,0,0,1,0,1,0
1,500,500,500,100,1.0,100,100000,5000000,50399802905,6797037568,6430121984,4559.247544,0,0,0,0,0,0,0,1,0,1,0
90,1700,1700,100,500,1.0,100,10000,1000000,16649293683,5918138368,5837766656,1622.953351,0,0,0,0,0,0,0,1,0,1,0
100,1500,1500,500,600,1.5,850,100000,2000000,164352805146,38365036544,69442052096,34664.251814,0,0,1,0,0,0,1,0,0,1,0
90,1500,1500,500,900,1.5,1000,100000,5000000,229681865952,49469243392,84109950976,76367.478317,0,0,1,0,0,0,0,0,0,1,0
1,1500,1500,500,1000,1.5,1000,10000,1000000,564312734937,66653052928,126019350528,110354.217136,0,0,0,0,0,0,0,1,0,1,0
9,1000,1000,500,1000,1.0,1000,10000,1000000,180243982036,48196026368,76378505216,91523.812183,0,0,1,0,0,0,0,1,0,1,0
1,1000,1000,500,800,1.5,800,10000,1000000,154919051855,38151589888,51847720960,34692.593373,0,0,1,1,0,0,0,0,0,1,0
9,500,500,400,700,1.0,700,100000,100000,153445777082,41673060352,55914512384,32987.553663,0,0,0,0,0,0,0,1,0,1,0
90,1000,1000,300,200,1.0,700,10000,100000,122734037843,39487541248,49968762880,30591.635499,0,0,0,0,0,0,0,1,0,1,0
9,1500,1500,500,100,4.8,1000,10000,5000000,536102692609,60400283648,137064640512,129731.302218,0,0,0,0,0,0,0,0,0,1,0
1,1000,1000,400,500,1.5,1000,100000,100000000,592526938280,82180399104,137503694848,122715.946553,0,0,0,0,0,0,1,0,0,1,0
9,1000,1000,300,400,2.5,1000,100000,10000000,251540446114,55266095104,90299961344,67268.404286,0,0,0,1,0,0,0,0,0,1,0
1,1000,1000,100,300,1.5,600,10000,5000000,292776273391,401440202752,69733195776,274664.622773,0,0,0,0,0,1,0,0,0,1,0
1,500,500,500,600,3.5,650,100000,5000000,393476237099,43749421056,74999005184,76181.047928,0,0,0,0,0,0,0,0,0,1,0
1,500,500,100,100,1.5,500,100000,1000000,304079054975,33364619264,55519014912,53420.313009,0,0,0,0,0,0,0,0,0,1,0
9,1500,1500,100,500,1.5,600,1000000,10000000,134920624251,28071956480,51360202752,27359.292717,0,0,1,1,0,0,0,0,0,1,0
1,500,500,150,300,3.5,700,10000,1000000,640276875684,42223140864,151282360320,142955.817394,0,0,0,0,0,0,1,0,0,1,0
90,500,500,200,300,1.5,700,10000,1000000,128384015793,30313455616,48600375296,29397.077533,0,0,1,1,0,0,0,0,0,1,0
9,1000,1000,250,400,3.5,700,100000,100000000,171620171132,50588594176,54311993344,34827.966865,0,0,0,0,0,0,1,0,0,1,0
9,1500,1500,300,300,1.5,700,10000,1000000,167594205755,37214330880,58443530240,35325.363864,0,0,0,1,0,0,0,0,0,1,0
90,500,500,500,100,1.0,400,10000,100000,69909005254,22632894464,30706065408,12403.423075,0,0,0,0,0,0,0,1,0,1,0
90,1500,1500,200,50,2.5,500,100000,1000000,113926904347,27157118976,35903160320,19726.285012,0,0,0,1,0,0,0,0,0,1,0
90,500,500,300,500,1.5,400,10000,1000000,152798429751,20103938048,35787866112,28391.022849,0,0,1,0,0,0,0,0,0,1,0
9,1500,1500,200,100,1.5,500,10000,100000,160455175894,21932474368,36582158336,21507.863761,0,0,1,0,0,0,1,0,0,1,0
1,1500,1500,500,200,1.5,600,10000,1000000,107175528504,28619530240,47610417152,21054.405515,0,0,1,1,0,0,0,0,0,1,0
1,1000,1000,50,600,1.0,400,10000,100000,218570943137,25916841984,45342400512,30623.683244,0,0,0,0,0,0,0,1,0,1,0
9,1500,1500,150,100,3.5,400,10000,500000,100762580296,23857582080,33880936448,15640.71007,0,0,0,0,0,0,0,0,0,1,0
1,1500,1500,250,350,2.5,400,100000,1000000,227235308503,25008283648,44870123520,29018.517422,0,0,0,1,0,0,0,0,0,1,0
9,1500,1500,100,300,1.5,400,10000,500000,82471873370,89828671488,33573187584,67528.064679,0,0,0,0,0,1,0,0,0,1,0
30,1000,1000,100,300,3.5,400,10000,1000000,136309705827,17581146112,34206920704,17601.811544,0,0,1,0,0,0,1,0,0,1,0
1,1000,1000,300,300,1.5,400,100000,1000000,81649435875,19962085376,31482212352,11767.048921,0,0,1,1,0,0,0,0,0,1,0
1,1000,1000,100,700,1.0,400,10000,1000000,73139128555,21498118144,32748781568,19679.288397,0,0,1,0,0,0,0,1,0,1,0
9,1000,1000,50,400,6.0,400,100000,5000000,105270267043,20478742528,32542695424,25503.723035,0,0,1,0,0,0,0,0,0,1,0
1,500,500,500,1000,1.5,600,1000000,10000000,155188115114,32108941312,53014917120,30494.90521,0,0,1,1,0,0,0,0,0,1,0
9,1000,1000,300,200,2.5,500,1000000,1000000,108015510737,27653595136,35216338944,19707.029936,0,0,0,1,0,0,0,0,0,1,0
1,500,500,100,100,1.5,500,100000,1000000,304078826727,33364619264,55519014912,52067.839222,0,0,0,0,0,0,0,0,0,1,0
1,700,700,200,300,1.0,700,100000,5000000,134844607894,37862445056,53695074304,61177.139505,0,0,1,0,0,0,0,1,0,1,0
1,500,500,500,600,3.5,650,100000,5000000,393476197435,43749421056,74999005184,75551.311526,0,0,0,0,0,0,0,0,0,1,0
9,1000,1000,300,700,1.5,700,1000000,5000000,152076691422,41691275264,55636951040,35587.836961,0,0,0,0,0,0,0,0,0,1,0
9,1500,1500,100,500,1.5,600,1000000,10000000,134920240727,28071956480,51360202752,25598.185672,0,0,1,1,0,0,0,0,0,1,0
1,0,0,0,0,0.0,3600,10000,100000000,237812629975,102489124864,106308476928,130533.655211,1,1,0,0,0,0,0,0,0,0,0
